variant_code,make,model,generation,engine_label,work_code,work_name,estimated_price_eur,state,reason
vmm-33ae0fb87622d065c307707b3f145c319d367429d14fc06c1096b38363999989,Renault,Megane,Megane 5 Doors (2015),1.5L dCi 6MT FWD (90 HP),OIL_SERVICE,Motorno ulje i filtar ulja - kompletna izmjena,110.00,IMPORTABLE,SUPPORTED_PLANNING_SCENARIO
vmm-33ae0fb87622d065c307707b3f145c319d367429d14fc06c1096b38363999989,Renault,Megane,Megane 5 Doors (2015),1.5L dCi 6MT FWD (90 HP),AIR_FILTER,Zamjena filtra zraka motora,40.00,IMPORTABLE,SUPPORTED_PLANNING_SCENARIO
vmm-33ae0fb87622d065c307707b3f145c319d367429d14fc06c1096b38363999989,Renault,Megane,Megane 5 Doors (2015),1.5L dCi 6MT FWD (90 HP),CABIN_FILTER,Zamjena filtra kabine,40.00,IMPORTABLE,ASSUMES_STANDARD_FACTORY_CABIN_FILTER_NOT_SPECIAL_HEPA
vmm-33ae0fb87622d065c307707b3f145c319d367429d14fc06c1096b38363999989,Renault,Megane,Megane 5 Doors (2015),1.5L dCi 6MT FWD (90 HP),FUEL_FILTER,Zamjena filtra goriva,90.00,IMPORTABLE,SUPPORTED_PLANNING_SCENARIO
vmm-33ae0fb87622d065c307707b3f145c319d367429d14fc06c1096b38363999989,Renault,Megane,Megane 5 Doors (2015),1.5L dCi 6MT FWD (90 HP),BRAKE_FLUID,Izmjena kočione tekućine,60.00,IMPORTABLE,SUPPORTED_PLANNING_SCENARIO
vmm-33ae0fb87622d065c307707b3f145c319d367429d14fc06c1096b38363999989,Renault,Megane,Megane 5 Doors (2015),1.5L dCi 6MT FWD (90 HP),COOLANT,Izmjena rashladne tekućine motora,90.00,IMPORTABLE,ASSUMES_CONVENTIONAL_LIQUID_COOLED_ENGINE
vmm-33ae0fb87622d065c307707b3f145c319d367429d14fc06c1096b38363999989,Renault,Megane,Megane 5 Doors (2015),1.5L dCi 6MT FWD (90 HP),TIMING_BELT_PUMP,"Zupčasti remen, natezači i vodena pumpa",470.00,CONDITIONAL,BELT_VS_CHAIN_AND_PUMP_DRIVE_NOT_IN_SOURCE
vmm-33ae0fb87622d065c307707b3f145c319d367429d14fc06c1096b38363999989,Renault,Megane,Megane 5 Doors (2015),1.5L dCi 6MT FWD (90 HP),SPARK_PLUGS,Zamjena kompleta svjećica,,NOT_APPLICABLE,NOT_SPARK_IGNITION
vmm-33ae0fb87622d065c307707b3f145c319d367429d14fc06c1096b38363999989,Renault,Megane,Megane 5 Doors (2015),1.5L dCi 6MT FWD (90 HP),AUX_BELT,Pomoćni remen i natezač,140.00,IMPORTABLE,SUPPORTED_PLANNING_SCENARIO
vmm-33ae0fb87622d065c307707b3f145c319d367429d14fc06c1096b38363999989,Renault,Megane,Megane 5 Doors (2015),1.5L dCi 6MT FWD (90 HP),MANUAL_GEARBOX_OIL,Izmjena ulja ručnog mjenjača,100.00,IMPORTABLE,SUPPORTED_PLANNING_SCENARIO
vmm-33ae0fb87622d065c307707b3f145c319d367429d14fc06c1096b38363999989,Renault,Megane,Megane 5 Doors (2015),1.5L dCi 6MT FWD (90 HP),AUTO_GEARBOX_OIL,Servis ulja automatskog mjenjača,,NOT_APPLICABLE,NOT_AUTOMATIC_FLUID_SERVICE
vmm-33ae0fb87622d065c307707b3f145c319d367429d14fc06c1096b38363999989,Renault,Megane,Megane 5 Doors (2015),1.5L dCi 6MT FWD (90 HP),FRONT_BRAKES,Prednje kočione pločice - par kotača,120.00,IMPORTABLE,SUPPORTED_PLANNING_SCENARIO
vmm-33ae0fb87622d065c307707b3f145c319d367429d14fc06c1096b38363999989,Renault,Megane,Megane 5 Doors (2015),1.5L dCi 6MT FWD (90 HP),REAR_BRAKES,Stražnje kočione pločice - par kotača,110.00,IMPORTABLE,SUPPORTED_PLANNING_SCENARIO
vmm-33ae0fb87622d065c307707b3f145c319d367429d14fc06c1096b38363999989,Renault,Megane,Megane 5 Doors (2015),1.5L dCi 6MT FWD (90 HP),FRONT_DISCS_PADS,Prednji diskovi i pločice - par kotača,260.00,IMPORTABLE,SUPPORTED_PLANNING_SCENARIO
vmm-33ae0fb87622d065c307707b3f145c319d367429d14fc06c1096b38363999989,Renault,Megane,Megane 5 Doors (2015),1.5L dCi 6MT FWD (90 HP),REAR_DISCS_PADS,Stražnji diskovi i pločice - par kotača,250.00,IMPORTABLE,SUPPORTED_PLANNING_SCENARIO
vmm-33ae0fb87622d065c307707b3f145c319d367429d14fc06c1096b38363999989,Renault,Megane,Megane 5 Doors (2015),1.5L dCi 6MT FWD (90 HP),REAR_DRUM_SHOES,Stražnje kočione pakne - par kotača,,NOT_APPLICABLE,SOURCE_BRAKE_HARDWARE_MISMATCH
vmm-33ae0fb87622d065c307707b3f145c319d367429d14fc06c1096b38363999989,Renault,Megane,Megane 5 Doors (2015),1.5L dCi 6MT FWD (90 HP),AC_COMPRESSOR,Zamjena kompresora klime,580.00,IMPORTABLE,ASSUMES_FACTORY_AC_AND_CONVENTIONAL_COMPRESSOR
vmm-33ae0fb87622d065c307707b3f145c319d367429d14fc06c1096b38363999989,Renault,Megane,Megane 5 Doors (2015),1.5L dCi 6MT FWD (90 HP),RADIATOR_FAN,Zamjena ventilatora hladnjaka,230.00,IMPORTABLE,SUPPORTED_PLANNING_SCENARIO
vmm-33ae0fb87622d065c307707b3f145c319d367429d14fc06c1096b38363999989,Renault,Megane,Megane 5 Doors (2015),1.5L dCi 6MT FWD (90 HP),AC_R134A,Servis klime R134a,70.00,CONDITIONAL,REFRIGERANT_AND_FILL_MASS_NOT_IN_SOURCE
vmm-33ae0fb87622d065c307707b3f145c319d367429d14fc06c1096b38363999989,Renault,Megane,Megane 5 Doors (2015),1.5L dCi 6MT FWD (90 HP),AC_R1234YF,Servis klime R1234yf,200.00,CONDITIONAL,REFRIGERANT_AND_FILL_MASS_NOT_IN_SOURCE
vmm-33ae0fb87622d065c307707b3f145c319d367429d14fc06c1096b38363999989,Renault,Megane,Megane 5 Doors (2015),1.5L dCi 6MT FWD (90 HP),BATTERY,Zamjena 12 V akumulatora,190.00,IMPORTABLE,SUPPORTED_PLANNING_SCENARIO
vmm-33ae0fb87622d065c307707b3f145c319d367429d14fc06c1096b38363999989,Renault,Megane,Megane 5 Doors (2015),1.5L dCi 6MT FWD (90 HP),GLOW_PLUGS,Zamjena kompleta grijača dizela,180.00,IMPORTABLE,SUPPORTED_PLANNING_SCENARIO
vmm-33ae0fb87622d065c307707b3f145c319d367429d14fc06c1096b38363999989,Renault,Megane,Megane 5 Doors (2015),1.5L dCi 6MT FWD (90 HP),DIAGNOSIS,Osnovno očitanje OBD kodova,30.00,IMPORTABLE,SUPPORTED_PLANNING_SCENARIO
vmm-33ae0fb87622d065c307707b3f145c319d367429d14fc06c1096b38363999989,Renault,Megane,Megane 5 Doors (2015),1.5L dCi 6MT FWD (90 HP),STARTER,Zamjena elektropokretača,260.00,IMPORTABLE,SUPPORTED_PLANNING_SCENARIO
vmm-33ae0fb87622d065c307707b3f145c319d367429d14fc06c1096b38363999989,Renault,Megane,Megane 5 Doors (2015),1.5L dCi 6MT FWD (90 HP),ALTERNATOR,Zamjena alternatora,340.00,IMPORTABLE,SUPPORTED_PLANNING_SCENARIO
vmm-33ae0fb87622d065c307707b3f145c319d367429d14fc06c1096b38363999989,Renault,Megane,Megane 5 Doors (2015),1.5L dCi 6MT FWD (90 HP),TURBO,Zamjena jednog turbopunjača,810.00,IMPORTABLE,SUPPORTED_PLANNING_SCENARIO
vmm-33ae0fb87622d065c307707b3f145c319d367429d14fc06c1096b38363999989,Renault,Megane,Megane 5 Doors (2015),1.5L dCi 6MT FWD (90 HP),EGR_VALVE,Zamjena EGR ventila,320.00,CONDITIONAL,EGR_HARDWARE_NOT_IN_SOURCE
vmm-33ae0fb87622d065c307707b3f145c319d367429d14fc06c1096b38363999989,Renault,Megane,Megane 5 Doors (2015),1.5L dCi 6MT FWD (90 HP),DPF_CLEAN,"Demontaža, čišćenje i montaža DPF-a",320.00,CONDITIONAL,DPF_PRESENCE_NOT_IN_SOURCE
vmm-33ae0fb87622d065c307707b3f145c319d367429d14fc06c1096b38363999989,Renault,Megane,Megane 5 Doors (2015),1.5L dCi 6MT FWD (90 HP),DPF_REPLACEMENT,Zamjena DPF filtra,710.00,CONDITIONAL,DPF_PRESENCE_NOT_IN_SOURCE
vmm-33ae0fb87622d065c307707b3f145c319d367429d14fc06c1096b38363999989,Renault,Megane,Megane 5 Doors (2015),1.5L dCi 6MT FWD (90 HP),DIESEL_INJECTOR,Zamjena jedne dizelske brizgaljke,330.00,IMPORTABLE,SUPPORTED_PLANNING_SCENARIO
vmm-33ae0fb87622d065c307707b3f145c319d367429d14fc06c1096b38363999989,Renault,Megane,Megane 5 Doors (2015),1.5L dCi 6MT FWD (90 HP),IGNITION_COIL,Zamjena jedne bobine,,NOT_APPLICABLE,NOT_SPARK_IGNITION
vmm-33ae0fb87622d065c307707b3f145c319d367429d14fc06c1096b38363999989,Renault,Megane,Megane 5 Doors (2015),1.5L dCi 6MT FWD (90 HP),WHEEL_BEARING,Zamjena jednog ležaja kotača,160.00,IMPORTABLE,SUPPORTED_PLANNING_SCENARIO
vmm-33ae0fb87622d065c307707b3f145c319d367429d14fc06c1096b38363999989,Renault,Megane,Megane 5 Doors (2015),1.5L dCi 6MT FWD (90 HP),FRONT_SHOCKS,Prednji amortizeri - par,390.00,IMPORTABLE,ASSUMES_CONVENTIONAL_PASSIVE_SUSPENSION
vmm-33ae0fb87622d065c307707b3f145c319d367429d14fc06c1096b38363999989,Renault,Megane,Megane 5 Doors (2015),1.5L dCi 6MT FWD (90 HP),REAR_SHOCKS,Stražnji amortizeri - par,200.00,IMPORTABLE,ASSUMES_CONVENTIONAL_PASSIVE_SUSPENSION
vmm-33ae0fb87622d065c307707b3f145c319d367429d14fc06c1096b38363999989,Renault,Megane,Megane 5 Doors (2015),1.5L dCi 6MT FWD (90 HP),CLUTCH_KIT,Zamjena kompleta spojke,550.00,IMPORTABLE,SUPPORTED_PLANNING_SCENARIO
vmm-33ae0fb87622d065c307707b3f145c319d367429d14fc06c1096b38363999989,Renault,Megane,Megane 5 Doors (2015),1.5L dCi 6MT FWD (90 HP),CLUTCH_DMF,Komplet spojke i dvomaseni zamašnjak,920.00,CONDITIONAL,DUAL_MASS_FLYWHEEL_NOT_IN_SOURCE
vmm-33ae0fb87622d065c307707b3f145c319d367429d14fc06c1096b38363999989,Renault,Megane,Megane 5 Doors (2015),1.5L dCi 6MT FWD (90 HP),WATER_PUMP,Zamjena vodene pumpe motora,230.00,IMPORTABLE,ASSUMES_CONVENTIONAL_LIQUID_COOLED_ENGINE
vmm-33ae0fb87622d065c307707b3f145c319d367429d14fc06c1096b38363999989,Renault,Megane,Megane 5 Doors (2015),1.5L dCi 6MT FWD (90 HP),THERMOSTAT,Zamjena termostata motora,170.00,IMPORTABLE,ASSUMES_CONVENTIONAL_LIQUID_COOLED_ENGINE
vmm-33ae0fb87622d065c307707b3f145c319d367429d14fc06c1096b38363999989,Renault,Megane,Megane 5 Doors (2015),1.5L dCi 6MT FWD (90 HP),LAMBDA_SENSOR,Zamjena jedne lambda sonde,120.00,CONDITIONAL,EXACT_EXHAUST_SENSOR_NOT_IDENTIFIED
