source_row,variant_code,field,original_value,stored_value,reason
58,vmm-3d442b674004e0c85efa8631ae64bd391accf81a9f471eeef85d58a0cac37d21,power_hp,260.6,261,ROUNDED_FOR_INTEGER_STORAGE
66,vmm-02c1c7e7c4326a99219b264f3b339861b6bc8bbb73423e4cfe8c493c8a11e02f,power_hp,506.9,507,ROUNDED_FOR_INTEGER_STORAGE
356,vmm-518314828b742d43db55d3c0e62baf7e79b5dca26fc6895a2c563c54c45a9402,power_hp,112.5,113,ROUNDED_FOR_INTEGER_STORAGE
615,vmm-de7d819085407ad7871866ca5a7aebbfe6c55a58bc5322c422b236e0652f79a8,power_hp,572.8,573,ROUNDED_FOR_INTEGER_STORAGE
1150,vmm-6965b6eefcaea1c78c53ff3a6e613c53582bfca1abb5e142effb23b42799616c,power_hp,190150,,INVALID_OPTIONAL_POWER_SET_NULL
2237,vmm-aefc32fe856d8a59840a59dee77481f816799bc810e6fa0d72309d0660e96386,power_hp,312.7,313,ROUNDED_FOR_INTEGER_STORAGE
2547,vmm-fc9ff3bebd020dff5a6c387db6c6d2e3cb49aaae27b0f306a6c26ccab4a587e0,power_hp,333.1,333,ROUNDED_FOR_INTEGER_STORAGE
2725,vmm-9cf54fca1b203c7063a4d1c206bdcd7fe6a209acc15c4ffd01ded7cb8fbf102f,power_hp,390.3,390,ROUNDED_FOR_INTEGER_STORAGE
3024,vmm-297babdec626fdbd06d4e666ecf20c39d1ba1f49a05c50299e448af4c318dd7d,power_hp,84.3,84,ROUNDED_FOR_INTEGER_STORAGE
5173,vmm-38fac73fec5cbfc4f6794275031003678160f62c9c143d8fb9cae501fd76430d,power_hp,821.2,821,ROUNDED_FOR_INTEGER_STORAGE
5174,vmm-772441a4905955f047cef9df12dddb1dddeee9fedec079a6233fe41af7247e2c,power_hp,481.6,482,ROUNDED_FOR_INTEGER_STORAGE
5194,vmm-a4568bccf02205e5b2b027d963d760ae0f98c887e802ee567f1a36343cfe3c13,power_hp,162.2,162,ROUNDED_FOR_INTEGER_STORAGE
5195,vmm-f0933bca2a00dc4dab7a7b0dff1f7d894f25a2e4b10b541959d25266a9704e4c,power_hp,177.4,177,ROUNDED_FOR_INTEGER_STORAGE
5225,vmm-c8916dd7aa549774486829afd4ddd7028d0cffc2d078227a84c7cbe93bed45dc,power_hp,234.2,234,ROUNDED_FOR_INTEGER_STORAGE
5226,vmm-1bc86bc66e3f12df4f61d40532fc919f474e587a22101daeb53406386ea8519d,power_hp,213.9,214,ROUNDED_FOR_INTEGER_STORAGE
5227,vmm-abfa112669cf43d9be3b32bd106171267972a79b56e5b840ce1f91532a1064fe,power_hp,240.3,240,ROUNDED_FOR_INTEGER_STORAGE
5235,vmm-ebe3bfbccae9ca73b4baabc5e931a2d4dad0e8d11da3ae9556f2004059529d49,power_hp,255.5,256,ROUNDED_FOR_INTEGER_STORAGE
5236,vmm-77fac314f384f8e116308dd8a0cfda85343a82ad267b4a928be6d52ceeb4f573,power_hp,199.7,200,ROUNDED_FOR_INTEGER_STORAGE
5237,vmm-ac1bae267b78faad65e330c2b3761cbc0f30841450325892af4859a9283c3a49,power_hp,199.7,200,ROUNDED_FOR_INTEGER_STORAGE
5240,vmm-c2389ea4fe057d1c74802f8ca16105fe7cc2471bfc2305885d5d249175fbfd1d,power_hp,314.3,314,ROUNDED_FOR_INTEGER_STORAGE
5241,vmm-bfd225496a751c0e2a187114b571a83f13d079a592cec6bb765a48a8dc628913,power_hp,309.2,309,ROUNDED_FOR_INTEGER_STORAGE
5356,vmm-7bab8947f288eadbade6d1b8b0ad73e1be005b52b05e84e1553bc5c63ecc2a04,power_hp,240.3,240,ROUNDED_FOR_INTEGER_STORAGE
5358,vmm-7d46941217dcf1bbca15ab8e90435e5fd3fb05c08f601d6ec9e7c86d278e316c,power_hp,313.3,313,ROUNDED_FOR_INTEGER_STORAGE
5417,vmm-682103911b2f490c750d0c8e92e2333f3e0026772e108aa874a9b884bf4b950a,power_hp,278.8,279,ROUNDED_FOR_INTEGER_STORAGE
5427,vmm-000c9580ee35c8dad277c694a8076390d8986b7264308c1e66fb8979e9255147,power_hp,425.8,426,ROUNDED_FOR_INTEGER_STORAGE
5470,vmm-4dbe3cb3689f477152a6db0d12d278b0ee21b09b2d897e3526830fd45ff97b4b,power_hp,258.5,259,ROUNDED_FOR_INTEGER_STORAGE
5472,vmm-a1b8dc8d8d58dbbc4be67a455753c9196b1f4ecada198fb9a0c8ab1c72f94f61,power_hp,328.5,329,ROUNDED_FOR_INTEGER_STORAGE
5514,vmm-b50c9e783f71c43e2583bba4f13a823021bc0eacb859ecdaba7d9e5d943aa1ce,power_hp,136.9,137,ROUNDED_FOR_INTEGER_STORAGE
5609,vmm-4dd64939d3c39736ef63b961c3e3bd3960e0ccc02ed42fc98b8c4cd96c59591d,power_hp,195.7,196,ROUNDED_FOR_INTEGER_STORAGE
5610,vmm-d0d19d44db577ea8bf518d1830b804d840173720ddf95760464fa44d317e6ba6,power_hp,195.7,196,ROUNDED_FOR_INTEGER_STORAGE
5613,vmm-9aa49ca714a33ccb3de5e3e833ec844abafcc6c34580440eecfb06b0139a207c,power_hp,195.7,196,ROUNDED_FOR_INTEGER_STORAGE
5614,vmm-d6f26684bd9fb2b1d0fd71c04c967c6d54c0e3b0b5e22dc1bdf50c089b908afd,power_hp,195.7,196,ROUNDED_FOR_INTEGER_STORAGE
5675,vmm-fe6acb7fa99e4de389f71ac0c5701b07eeac7e057f222c52dd65d60bd743568b,power_hp,177.4,177,ROUNDED_FOR_INTEGER_STORAGE
5677,vmm-e87c37fe5269107b6810253c2befec743d8986b4adad5a2815e1eb9a187cfc5f,power_hp,177.4,177,ROUNDED_FOR_INTEGER_STORAGE
5690,vmm-e3492c58c3f43186e80fc7e075cb8ff5e5e65cac8f78ba7a81fdec53fd6b6a4a,power_hp,101.4,101,ROUNDED_FOR_INTEGER_STORAGE
5781,vmm-84068b881dc560310f3db31be1dfd098af6414c4a68122cbeb104fdeb33efa7d,power_hp,207.8,208,ROUNDED_FOR_INTEGER_STORAGE
5798,vmm-a8a786022a0b2f05e2420cd1ad3c4be0a4ce7634ea331af0e393178cc770d46e,power_hp,314.3,314,ROUNDED_FOR_INTEGER_STORAGE
5842,vmm-918de03366ece5873a6d49aaf620dc13c1d681cb3362d7803aa81dafaac83f89,power_hp,405.5,406,ROUNDED_FOR_INTEGER_STORAGE
5844,vmm-42c7ce3babacd343d5291c79588954cb20cd5f77474226a76c86b773d6d8969d,power_hp,405.5,406,ROUNDED_FOR_INTEGER_STORAGE
5862,vmm-3df610b4b7551092c2b1025aec8c403ba5be26a82c2ef787ed8d7bbf57f5dd87,power_hp,405.5,406,ROUNDED_FOR_INTEGER_STORAGE
5863,vmm-219cd474ecbe11f3168eab3151dac5f52360a37aa2819796bfd42fbf2ac212f7,power_hp,405.5,406,ROUNDED_FOR_INTEGER_STORAGE
5867,vmm-bfffad0c95ff53d8f7be9baca26fe4ebd88c1cc44bdab4bfba92765667433b23,power_hp,349.8,350,ROUNDED_FOR_INTEGER_STORAGE
5868,vmm-a30e29c77861847285517e8c56ab1981c1b238740ade45b0a1673cf7f226cb24,power_hp,354.9,355,ROUNDED_FOR_INTEGER_STORAGE
5869,vmm-82245d31c0a0525bf93f1867529fb24459ae40c105c909cf37c6301e15be84ec,power_hp,349.8,350,ROUNDED_FOR_INTEGER_STORAGE
5870,vmm-2f453012cac2a97582a55c79e0d223a775d5e211933fb0df8f8e0e153292cd02,power_hp,354.9,355,ROUNDED_FOR_INTEGER_STORAGE
5880,vmm-ae1b6666dd42df5b6262b554792f761f83411d35724042b3fce580c61a1e5dc6,power_hp,223.1,223,ROUNDED_FOR_INTEGER_STORAGE
5881,vmm-b582b1a12a15f45c7ce00b47242ade6598964c1f1a837d6f5d9a0787a8d98a08,power_hp,223.1,223,ROUNDED_FOR_INTEGER_STORAGE
5883,vmm-63b14838e439c9b9bf4c18027189f11ee26e965a4c68971c4066b26a163360ed,power_hp,679.3,679,ROUNDED_FOR_INTEGER_STORAGE
5891,vmm-925c5df61a9be7c20c6d4aafdfd64482d13a0a52e6d43b582d3058ccabaa9428,power_hp,765.5,766,ROUNDED_FOR_INTEGER_STORAGE
5892,vmm-bdb462639ee1650f586f77f48992d9ebb4786d3af0451e13b2fb43b4fef61a49,power_hp,765.5,766,ROUNDED_FOR_INTEGER_STORAGE
5895,vmm-d92639ab52b3cea380d2a7ea3c4b4acc106df81aef655c9f3b92687f672fc25b,power_hp,1078.8,1079,ROUNDED_FOR_INTEGER_STORAGE
5940,vmm-4da747541ec558d52990102d256a73784e248fc432aad8d0b995dd9c9c69fb45,power_hp,177.4,177,ROUNDED_FOR_INTEGER_STORAGE
5996,vmm-8010c4f72961ba7650684ecefd667a6268dbc32ecb4bfa7ba8ec4ffa5a85a86d,power_hp,174.4,174,ROUNDED_FOR_INTEGER_STORAGE
6093,vmm-a9fa1f64d6265d9c859c25e8481aeb224aa304fcc34486da4f3462acdaef7363,power_hp,280.8,281,ROUNDED_FOR_INTEGER_STORAGE
6144,vmm-328fe7c82569cb584396f908f69141c65be5ebb4ac5fbbe48c776c34c25bd411,power_hp,326.5,327,ROUNDED_FOR_INTEGER_STORAGE
6159,vmm-ca8549f37d3f89389e2b497c4b1d5b48fa78175e5f6650a361ef8bbcbb735e5b,power_hp,370.1,370,ROUNDED_FOR_INTEGER_STORAGE
6161,vmm-dc888f06e3f4df7b75e0047243ea700e0f673ace22b457008275115f61051f87,power_hp,370.1,370,ROUNDED_FOR_INTEGER_STORAGE
6163,vmm-09d417a03b70f1e469ccbec3bc37a1e1c6b9c64b0c93a8c1a99cdb4bda53fb1f,power_hp,370.1,370,ROUNDED_FOR_INTEGER_STORAGE
6165,vmm-cc3af68dc0daf5e7f68b1e61b411c9a67292643ad25f231791a8158a3ff50bec,power_hp,370.1,370,ROUNDED_FOR_INTEGER_STORAGE
6166,vmm-d88cbf14895f8b594e1c497b54a6a61ce7cf48fa2d8563b39b930683458fd0ee,power_hp,364.4,364,ROUNDED_FOR_INTEGER_STORAGE
6167,vmm-a6ce682a39ddaaa59fb191333026e3aab45c7636e77f5b3c375f76648eec4c80,power_hp,370.1,370,ROUNDED_FOR_INTEGER_STORAGE
6196,vmm-bba454c9dc38e60c21b30c5d199b52c97bbeb39ffc874cdb8b430bdfcc9fa8ff,power_hp,359.9,360,ROUNDED_FOR_INTEGER_STORAGE
6198,vmm-df48360ad9f2efd6512d36cb55ce38eef6dbfac0e69f3398b230cba88e69c412,power_hp,309.2,309,ROUNDED_FOR_INTEGER_STORAGE
6219,vmm-b73e8e0faa95450b5fe9e3c47d71db122b37fcf3861be55177add824fc849edf,power_hp,359.9,360,ROUNDED_FOR_INTEGER_STORAGE
6221,vmm-1609b6a66a84c60f11dff870812ec859075c9103287fd59f03caf7b6fb5c5c3d,power_hp,309.2,309,ROUNDED_FOR_INTEGER_STORAGE
6262,vmm-a715cde2d9c0094bbb200285742e96f53b8a9fa6c086ee37d1eaacdefb346872,power_hp,138.9,139,ROUNDED_FOR_INTEGER_STORAGE
6264,vmm-b16d41d115b4201061a409d24ccf27ab5e74d2038b19b4688af2e49c565f8925,power_hp,157.1,157,ROUNDED_FOR_INTEGER_STORAGE
6285,vmm-1e926928460ac1e0a9ee788e0da03b10020fac839c939fead248ff7156c69096,power_hp,332.5,333,ROUNDED_FOR_INTEGER_STORAGE
6333,vmm-41f3b1273b3510bd1d79a60b0a3e2cd83667eeae10891004d8880f920861e203,power_hp,430.9,431,ROUNDED_FOR_INTEGER_STORAGE
6343,vmm-85032c61f80f5ab183845b5e26208654eaf820a3fdee27cdf20018158068fdd5,power_hp,395.4,395,ROUNDED_FOR_INTEGER_STORAGE
6377,vmm-df522a880ba9aca18858c956f8cd53e0fc7bef4ae3399093f748587b6c222cb4,power_hp,101.4,101,ROUNDED_FOR_INTEGER_STORAGE
6386,vmm-f52c27ba684a9dede8aa9703b46d7342d4a1ccb92a8830ae7749bd6afe86087f,power_hp,101.4,101,ROUNDED_FOR_INTEGER_STORAGE
6951,vmm-ea07a2420e5ee9fa8564b1f482b3e51512b59df9e5230e53f3f86fb6aadce139,power_hp,137.9,138,ROUNDED_FOR_INTEGER_STORAGE
6952,vmm-6d7c862c1af051e7fab061d665c00c743519f6541539cc900091d409e2c8a482,power_hp,152.1,152,ROUNDED_FOR_INTEGER_STORAGE
7806,vmm-6575540b1f4ff3dcc27fb6d7caf898b328f3dd6477577662f811ea05249bec8f,power_hp,278.8,279,ROUNDED_FOR_INTEGER_STORAGE
7843,vmm-2732f32840f2125d319b823b9f11dd7521e652153e7fc3e4e81f66f21fc3f83c,power_hp,62.9,63,ROUNDED_FOR_INTEGER_STORAGE
7844,vmm-6e24f77d5eeee6126d7061d6dfdc53a3787f2fc869398d5febf2a1998a15cf51,power_hp,62.9,63,ROUNDED_FOR_INTEGER_STORAGE
7845,vmm-44585d782ceb948dd1137ad231c6c313360c2f2addfac7f0b5b8bf58ee453f7b,power_hp,63.9,64,ROUNDED_FOR_INTEGER_STORAGE
7846,vmm-3e5e94f15270387118cbec03c1d6021306972b969d5e3bd86936ae7d6822ff51,power_hp,95.3,95,ROUNDED_FOR_INTEGER_STORAGE
7847,vmm-0d7885cbfe77d469d9ba57d017c90db4dc75157026122adf79bb0a20f2986861,power_hp,95.3,95,ROUNDED_FOR_INTEGER_STORAGE
7848,vmm-33db4edbb8402b2b169f3fbbe294951fd7feea753360d674f0d7ba4d12206def,power_hp,108.5,109,ROUNDED_FOR_INTEGER_STORAGE
7849,vmm-11840ac997a6fbc7d8abbfae186c78733fa8f4c806eae65ea99548e932f6106e,power_hp,95.3,95,ROUNDED_FOR_INTEGER_STORAGE
7851,vmm-f6bfa26d4a18139a87f33eedb7d9d5cf1a6daaf861098c2212a5f2685f335c43,power_hp,101.4,101,ROUNDED_FOR_INTEGER_STORAGE
7852,vmm-fd63cf37f736915fa228bc6c3a5ae584e5ac14eb4f9c2415c25a9db18a9cb7cd,power_hp,101.4,101,ROUNDED_FOR_INTEGER_STORAGE
7853,vmm-a05abff36e0dedc9406a5b8831e4955bbda1a04c8b711aaf5b7085a339ca12a5,power_hp,141.9,142,ROUNDED_FOR_INTEGER_STORAGE
7854,vmm-f37986e07d394292565295d01f877d801d4a9583142e70211285ca19ff355aa7,power_hp,152.1,152,ROUNDED_FOR_INTEGER_STORAGE
7855,vmm-f2958a785ee9f35ed68a3628ea9a105c45647b856d61044459a380f6d9f645c8,power_hp,152.1,152,ROUNDED_FOR_INTEGER_STORAGE
7856,vmm-48023e0eac22f3790d27f930c057a147f637412850f4d7c021ba34995bfc724d,power_hp,177.4,177,ROUNDED_FOR_INTEGER_STORAGE
7857,vmm-7f2a7e4117783bb10a74040ebec437a250f027e2028f424537039cf114b8fa73,power_hp,192.6,193,ROUNDED_FOR_INTEGER_STORAGE
7858,vmm-6f1bcd9a69790cfd123cb1c3fc1cc591e36eb38cae70605f8517728b412aa86f,power_hp,187.6,188,ROUNDED_FOR_INTEGER_STORAGE
7859,vmm-14234da379ab772f7213ecc2cf7b166c8d6d8cb7f9769d8842ce496c32fdb662,power_hp,243.3,243,ROUNDED_FOR_INTEGER_STORAGE
7865,vmm-91cdcdc7fceec89a9dce7044ea779e1f5d5cae7f2ca910adf3f1823281310b13,power_hp,233.2,233,ROUNDED_FOR_INTEGER_STORAGE
7877,vmm-ecfb5c2720ecb3f1fcc1f80ed9e22f3de3f9869be29c94c875d8d95416042277,power_hp,430.9,431,ROUNDED_FOR_INTEGER_STORAGE
7878,vmm-257667c48f6f68da81902c48271c76d7aa6576d186b0f568638a2fdacc451770,power_hp,430.9,431,ROUNDED_FOR_INTEGER_STORAGE
7879,vmm-0035bb159bf8912bce63050d24039a6cd4e9cb0980a3ca572b8cf1c2a282099a,power_hp,380.2,380,ROUNDED_FOR_INTEGER_STORAGE
7880,vmm-8a729266a86353dcd2c5da43612c76da5d15c32e1ce28107df1d230353b96a52,power_hp,430.9,431,ROUNDED_FOR_INTEGER_STORAGE
7881,vmm-8eb543036a5b99f674dec3cb716809b0b528e2c877eb93ee2c6008d46e803d40,power_hp,430.9,431,ROUNDED_FOR_INTEGER_STORAGE
7882,vmm-cb6648665e446f186bc179ef26dd0c6ee659584309c6dcf7a18dc0f9d373e89f,power_hp,380.2,380,ROUNDED_FOR_INTEGER_STORAGE
7883,vmm-96c2f3ed9f2678a143a555955479e6a8d8d98a76a096af7709cd869c9d5a97a0,power_hp,380.2,380,ROUNDED_FOR_INTEGER_STORAGE
7886,vmm-2353d0ec4b69de3e7f8e281acbf65ad12fdba097b378595e31e05b938b13ab9e,power_hp,233.2,233,ROUNDED_FOR_INTEGER_STORAGE
7887,vmm-7ce6507501f396bed2145e9e5317a04beef885773437e1344358c6dd34a785f7,power_hp,233.2,233,ROUNDED_FOR_INTEGER_STORAGE
7888,vmm-7b29f6c9cb3c5a58e0d107f13ee07e6f012769574682e27139eb3585b3cfdd88,power_hp,334.6,335,ROUNDED_FOR_INTEGER_STORAGE
7890,vmm-7053f4b425db1cc711b375a531bd11afa40b1be7fed39cf442a11cd4ff4478ff,power_hp,334.6,335,ROUNDED_FOR_INTEGER_STORAGE
7892,vmm-9aa784911dff06955d7f363cc0516a7a595f52d53b776bbe682a423d1376f2ed,power_hp,380.2,380,ROUNDED_FOR_INTEGER_STORAGE
7909,vmm-f59c828090929e7f68ffe519b4048b085f992a39d674e61979de1d8e9c3326df,power_hp,430.9,431,ROUNDED_FOR_INTEGER_STORAGE
7940,vmm-d322beb2a166d2517a03f4cfe9c07b8fc0d151dc11f3631da6031a8a05942fa3,power_hp,481.6,482,ROUNDED_FOR_INTEGER_STORAGE
7941,vmm-7e8b3b0627976c4eea397dc730e951f8ea05de8e1b3f90414f2e07686c0d6ae8,power_hp,271.7,272,ROUNDED_FOR_INTEGER_STORAGE
8130,vmm-882cc762fe2909798f6e02ade7ca91152307ec8f56ae28809541d9f29f68e581,power_hp,233.2,233,ROUNDED_FOR_INTEGER_STORAGE
8132,vmm-ae52180b036c872101919562fdfaeb0d3e2212595353c251a88b4cf0362961ec,power_hp,233.2,233,ROUNDED_FOR_INTEGER_STORAGE
8134,vmm-71c9a72155eba9e11f4d2d7da99c8fe6c2bd5e616bf9f07632307acfde153bf1,power_hp,207.8,208,ROUNDED_FOR_INTEGER_STORAGE
8136,vmm-3e8d416309fa39216c18c80720c2a51489b8fa1ac9bd1713486c09327fc3ee9d,power_hp,207.8,208,ROUNDED_FOR_INTEGER_STORAGE
8138,vmm-4b764aff08cb92fe9d74795541f1286d002564cf5c52bfd01c9b9cc7bbe8bced,power_hp,243.3,243,ROUNDED_FOR_INTEGER_STORAGE
8140,vmm-c22c3b4bcf650baa3924477e5223ce06264528055c45d374b48548ee3b1555ac,power_hp,243.3,243,ROUNDED_FOR_INTEGER_STORAGE
8143,vmm-59f7b14ef5bdbf32f19b8d34a81a2404effb3c76fd92655f8ed985a0d7df87bd,power_hp,263.6,264,ROUNDED_FOR_INTEGER_STORAGE
8145,vmm-ba125cf0aac162080b6474a869f73535e6d44dec980fa9db3a3b521dd1cd38db,power_hp,263.6,264,ROUNDED_FOR_INTEGER_STORAGE
8179,vmm-1f37cfb24dfd62c2ef34efb5b2400e6d5be659a215d8744c47c3bfdf36af5094,power_hp,720.1,720,ROUNDED_FOR_INTEGER_STORAGE
8192,vmm-e40149b5e271ed1c7e009f5f8ea107a2fec603cd1d26170d8c9d0c55edb3a780,power_hp,799.5,800,ROUNDED_FOR_INTEGER_STORAGE
8198,vmm-934065b8b5a13dc90e425b97a6de356b53069e7b72507c78102838887e5a2d78,power_hp,207.8,208,ROUNDED_FOR_INTEGER_STORAGE
8231,vmm-1160c280ef54a47fca988355bfd9876b4a48cdf5f0a895867523d89876a3f546,power_hp,263.6,264,ROUNDED_FOR_INTEGER_STORAGE
8233,vmm-c2f392f24e80bb6fa39f9baa5b31e04858f693c6aace4a61b9c3a8f2d8d97a63,power_hp,233.2,233,ROUNDED_FOR_INTEGER_STORAGE
8235,vmm-24b5d714589a5240c187b1c6e91730a479148e312db180e9b269a2e43e3c1758,power_hp,207.8,208,ROUNDED_FOR_INTEGER_STORAGE
8238,vmm-bdebd96dad3bb8a430819290677942a861e7ebe85e0b5d2d71bf74955af6e437,power_hp,263.6,264,ROUNDED_FOR_INTEGER_STORAGE
8384,vmm-a62e303f2663813587d6da0229f637b84db8de67bad7cafd281cccea3720d9f6,power_hp,21.5,22,ROUNDED_FOR_INTEGER_STORAGE
8952,vmm-34133252d1c7f3c4f6ef4fc30d1f462949c552b8d6078ae2a0aa889d4d6ea7af,power_hp,263.6,264,ROUNDED_FOR_INTEGER_STORAGE
8992,vmm-357109cc889483705688ff145866da5eb9110e0892c24cccd157e54fb80d1952,power_hp,85.2,85,ROUNDED_FOR_INTEGER_STORAGE
8993,vmm-1582565351c3a5d975046ab4b62614d89b3ae93527bd330e08580da36f65327c,power_hp,152.1,152,ROUNDED_FOR_INTEGER_STORAGE
8994,vmm-98cea37a937cce6b84f7b2ff5734dccf45ef9ff3a2fdae3632d772c9fe3bd453,power_hp,126.7,127,ROUNDED_FOR_INTEGER_STORAGE
8995,vmm-d53328e1dadf346330d95377daa5154bd26ba53800193e65aa0260933e19e5ce,power_hp,138.9,139,ROUNDED_FOR_INTEGER_STORAGE
8996,vmm-eabc0ba165211e8c49f99c654e16a39c102e02a533d33949d50485c838f46e93,power_hp,126.7,127,ROUNDED_FOR_INTEGER_STORAGE
8997,vmm-f7ae7fc4328a840177022649c495120c57a2b0af2c0a0b100e1e5b81e10507a1,power_hp,138.9,139,ROUNDED_FOR_INTEGER_STORAGE
8998,vmm-96bfa0add28bc3ac5a9ba6b9e30f2b54729e3d00f5e649ac2ae984bbfcd21ae8,power_hp,207.8,208,ROUNDED_FOR_INTEGER_STORAGE
9159,vmm-1306e2b0adb796c289c49f3867e7701c528c68c4c2fa0da7dd529978191d21fe,power_hp,339.6,340,ROUNDED_FOR_INTEGER_STORAGE
9288,vmm-9e7fd910a7aaf8d5f058a965b2b7408ed9c8d287bb7b2852e0294ac35d495da3,power_hp,405.5,406,ROUNDED_FOR_INTEGER_STORAGE
9310,vmm-51de73d1dadd83250240ec7eebed8761198be3a0d9d4c5baf8298a67d7c7aa45,power_hp,304.2,304,ROUNDED_FOR_INTEGER_STORAGE
9311,vmm-f2f93a000f298aec31808da37709698d7396c4d2c9ef373932ff6e4f5bb60f75,power_hp,405.5,406,ROUNDED_FOR_INTEGER_STORAGE
9317,vmm-49673a5454ff231829f2affc85b4a6f1d08ab95f0d4b1be252e8df5fb673bb96,power_hp,283.9,284,ROUNDED_FOR_INTEGER_STORAGE
9321,vmm-3f0541b17dae38cfd9b71ba9c994f4f8f11cb0996409b83ea14aec369a615e2a,power_hp,370.1,370,ROUNDED_FOR_INTEGER_STORAGE
9342,vmm-075a4245c17ba037eb6c4e0e498fb60882197e16e55f6fb83ff48bae934061a4,power_hp,456.2,456,ROUNDED_FOR_INTEGER_STORAGE
9892,vmm-9db5b95fe9c84cbbfd24b5fc7018fa0d4298befd63afe5221a4f929eee405597,power_hp,234.2,234,ROUNDED_FOR_INTEGER_STORAGE
9893,vmm-edfa01670b1b6a4fb4c8dc3efab6d43365605b342d212195cfb787b69ea85a23,power_hp,234.2,234,ROUNDED_FOR_INTEGER_STORAGE
9894,vmm-076026419507d7f751618b265eb87e5e9d72cd969fe368de37117bc368594ffe,power_hp,177.4,177,ROUNDED_FOR_INTEGER_STORAGE
10302,vmm-45968f081e6458a79b1925170673846db5022ef30b0a4474a1f451057ebe68c1,power_hp,533.3,533,ROUNDED_FOR_INTEGER_STORAGE
10319,vmm-84eec11b94a48b96314bd8ab51c0fbe431b03e50be5f7c1a91d72ff029ce9808,power_hp,547.5,548,ROUNDED_FOR_INTEGER_STORAGE
10373,vmm-4e50faa283ae9211422c05311a919bde96d00d962a235a5e9187bee9052d5ffb,power_hp,273.7,274,ROUNDED_FOR_INTEGER_STORAGE
10375,vmm-ad19ad2c95656e213b9927c07cdbfbd98b6af549a8ebe2ef4825df0f00319686,power_hp,410.6,411,ROUNDED_FOR_INTEGER_STORAGE
10532,vmm-475c61ef5e0afa44ee57021831280639fb8e0cd837af1a125f8de41fcf82c363,power_hp,111.5,112,ROUNDED_FOR_INTEGER_STORAGE
10626,vmm-6b82efb5b7997f510865235eb806c772156f1f89d8be1db9aad217c850d20278,power_hp,212.9,213,ROUNDED_FOR_INTEGER_STORAGE
10671,vmm-61a836e29cc6d92892cc88283e9ce990b404fd6344a86ac80ec957839b0fbdb5,power_hp,284.9,285,ROUNDED_FOR_INTEGER_STORAGE
10677,vmm-dd78f3ed5a724e4fd6bc5041cdbc3acd55c8b3ede25af75ff38201a0f24afffc,power_hp,202.8,203,ROUNDED_FOR_INTEGER_STORAGE
10678,vmm-75437a91485e9ec929766cc415d98c96af2c6268e61de98ac77a1736b5ff9817,power_hp,312.3,312,ROUNDED_FOR_INTEGER_STORAGE
10679,vmm-eaf2ca7fbd6792b5a9bbe36e52703fcbefc9dc61df38cceb2e0411149db2fc60,power_hp,312.3,312,ROUNDED_FOR_INTEGER_STORAGE
10680,vmm-314e6a16325f87fc0b2747a503696b3f6ec216aefbeb59812c4785abe628c96b,power_hp,183.5,184,ROUNDED_FOR_INTEGER_STORAGE
10681,vmm-196fe719b26454eab4aef88c04501c00695e8bb27799eb3cf9337d84332808f0,power_hp,183.5,184,ROUNDED_FOR_INTEGER_STORAGE
10727,vmm-6dd567197c5bff2d1e56562ac503443d1df8b72aad6efcde7551f8373eb52d5f,power_hp,406.6,407,ROUNDED_FOR_INTEGER_STORAGE
10729,vmm-dbf74b003b4918fc260fbcd87f652158d441e4851b8f6807fafc315202d66ce9,power_hp,476.5,477,ROUNDED_FOR_INTEGER_STORAGE
10829,vmm-16a216ee9c6d36f13fea1e32d3c5c1887d55cadb07b2e848f4b8e504bc8b2840,power_hp,425.8,426,ROUNDED_FOR_INTEGER_STORAGE
10830,vmm-fbc529ee3de97b700289e9484cb507e261d98791e579057bb0b7f9361e35bef1,power_hp,425.8,426,ROUNDED_FOR_INTEGER_STORAGE
10832,vmm-25d8af45a91befb9dc49ab891308dc3559d042b0b90bf70ac43d59481f14a166,power_hp,309.2,309,ROUNDED_FOR_INTEGER_STORAGE
10979,vmm-55d260221edc05d75005f29cc7345a37abe4d12cda193bde8058b6b728d363e7,power_hp,167.2,167,ROUNDED_FOR_INTEGER_STORAGE
10980,vmm-030eaab2273eb3d15f7f217cf9d9395a28f37d350a270bc197dc9985697c1cac,power_hp,167.2,167,ROUNDED_FOR_INTEGER_STORAGE
11369,vmm-ca9fafec2d99fea642aebfccfe58340baa170f263763f1cd4d68ebff55dee671,power_hp,141.9,142,ROUNDED_FOR_INTEGER_STORAGE
11370,vmm-fb2229a198d331ad376ef3783b2e6a90ee522aec34d9587a3a8870c314261faf,power_hp,141.9,142,ROUNDED_FOR_INTEGER_STORAGE
11371,vmm-02ec2ed9a8265bc4329e5631ec226dbfcb1b9c92b28497f7cc2386d69f83798f,power_hp,206.8,207,ROUNDED_FOR_INTEGER_STORAGE
11372,vmm-48c262ac2ba462e9292943ed0a51b72d5e87463a46ce582deae3e61aeaf2835f,power_hp,141.9,142,ROUNDED_FOR_INTEGER_STORAGE
11373,vmm-cf2e508c5cd850a9db1703c1041e42846cef7915f3f64f3b8de05a5a3c0c5d4d,power_hp,141.9,142,ROUNDED_FOR_INTEGER_STORAGE
11374,vmm-ccbbdb70ae9413d3a0bb9634a818b5e30b467869ba08ae3ee3e240f4a22ff733,power_hp,111.5,112,ROUNDED_FOR_INTEGER_STORAGE
11620,vmm-cf437151d266f6e771546770051b27a908e71fc355a8889e31a80870988f0ac8,power_hp,160.2,160,ROUNDED_FOR_INTEGER_STORAGE
11628,vmm-5d85b761e646182ad92c28d414e2b0df1eeba88212ea2386233635ae69eae73f,power_hp,132.8,133,ROUNDED_FOR_INTEGER_STORAGE
11717,vmm-0356576e76a2340746518284dd6315e1405bc7c3016f4213345cd370890ec447,power_hp,251.4,251,ROUNDED_FOR_INTEGER_STORAGE
11718,vmm-a84f7eb045d1c98a46acca5323d61a692952bc835b12dadce1640d51932676ad,power_hp,251.4,251,ROUNDED_FOR_INTEGER_STORAGE
11719,vmm-ac35c8b0f153dcdc53d260079cfa87ce38ba9bcc57557581386ed387c8f8fd70,power_hp,258.5,259,ROUNDED_FOR_INTEGER_STORAGE
11720,vmm-3b9ba5d9264cb53cd649128ef4884dd8a5fa4af4151bbb946613d6b086158fe4,power_hp,258.5,259,ROUNDED_FOR_INTEGER_STORAGE
11929,vmm-925340a869bb733d7f13352ab4b17aaf2ecf143bbf9af17ac937f2a87bfcd538,power_hp,139.9,140,ROUNDED_FOR_INTEGER_STORAGE
11930,vmm-14b1ae213ad733adf71b7a1bf8b10224e548e51d4984d6f9d70c2b91d6be91c7,power_hp,139.9,140,ROUNDED_FOR_INTEGER_STORAGE
11936,vmm-e0272b9763b5b3f4280d1f085dfa176020595f300e67c88235d804c50887b41d,power_hp,175.4,175,ROUNDED_FOR_INTEGER_STORAGE
12250,vmm-3944834d07d0f2340b8704cc0177d2ff467e20f68c713868783d1e5d4acf02ab,power_hp,119.6,120,ROUNDED_FOR_INTEGER_STORAGE
12336,vmm-8485f87644792feb71b52af1b9b7686187a6cde762f007ddc3815dad5e2d8f70,power_hp,192.6,193,ROUNDED_FOR_INTEGER_STORAGE
12409,vmm-6a3ec979136f2304f5f981dde4c697bf9de105fef368a711ad9db7bc66a10d83,power_hp,284.9,285,ROUNDED_FOR_INTEGER_STORAGE
12617,vmm-202a6d8653a691907601c1e9ed57e6896946338d4ee584140da54f6c7a88d3e0,power_hp,332.5,333,ROUNDED_FOR_INTEGER_STORAGE
12658,vmm-2a155277f66337281226f7ef3682f7ca2b106d358e7606664c61195b50a681ae,power_hp,332.5,333,ROUNDED_FOR_INTEGER_STORAGE
12659,vmm-5eba7a066a1e667ab7a744f7eabc36224d4d00c78e0fef2d6eaf9633e83b5d0e,power_hp,332.5,333,ROUNDED_FOR_INTEGER_STORAGE
12693,vmm-57afb9f19babe3ee8f696978f8533515df0246929802866e0d0d477e91da073c,power_hp,304.2,304,ROUNDED_FOR_INTEGER_STORAGE
12742,vmm-0a1ddc3d21dc32f37672098fab645c5febed5473ca1b8bdd051260a191075e5b,power_hp,271.7,272,ROUNDED_FOR_INTEGER_STORAGE
12760,vmm-e75301c9e4758831a80d333e2e4b5abdb0de55886f18631ae3384ea60b8f4015,power_hp,456.2,456,ROUNDED_FOR_INTEGER_STORAGE
13090,vmm-a51d088812944575f9a8426510753f06525b64eaa9816a6d41e1b0213ee3e4d7,power_hp,274.8,275,ROUNDED_FOR_INTEGER_STORAGE
13201,vmm-6250e7d83ad2a643b6e68151b67025454a9cce396143bc8b57eae28e772009e6,power_hp,716.8,717,ROUNDED_FOR_INTEGER_STORAGE
13202,vmm-22dd27034eb2551269f41fa7504851385e0553794fb14550e9120dc3e77d40e6,power_hp,477.2,477,ROUNDED_FOR_INTEGER_STORAGE
13267,vmm-3d54521290e1c0ac3e9e566dba2721dc1c0c0bfcc3fb37bf59997c50a6a9137b,power_hp,425.8,426,ROUNDED_FOR_INTEGER_STORAGE
13273,vmm-2ffaacba5ccd3808fedddaab5bdd2a5be7f2838ba9c80354546585522254f3fd,power_hp,299.1,299,ROUNDED_FOR_INTEGER_STORAGE
13453,vmm-94083ec8b7f8a773018b58faa7cfb19f3aa41b21882937082809f70c8206de21,power_hp,203.8,204,ROUNDED_FOR_INTEGER_STORAGE
13455,vmm-9f673a1fbb06bd668242b1c89ff8a88a3cf6c5c19e256f7d1be37ba48a040867,power_hp,135.9,136,ROUNDED_FOR_INTEGER_STORAGE
13511,vmm-665f313955b9b2caa29a8de56c8d70cb6c78472a6293046dd4e089ca3422be5d,power_hp,166.3,166,ROUNDED_FOR_INTEGER_STORAGE
13522,vmm-7961bf25c7dfaaf15abb914951667c2a240e8b046ec5139f94c8924a02940623,power_hp,203.8,204,ROUNDED_FOR_INTEGER_STORAGE
13523,vmm-290785a00e82d4059f30e8db077acc9b20b82e5bee71acc5420529a716531051,power_hp,203.8,204,ROUNDED_FOR_INTEGER_STORAGE
13524,vmm-914eb8d92e763213040c95eca8ad3321d9a8ae8541f3f1806b803bbae6f91005,power_hp,166.3,166,ROUNDED_FOR_INTEGER_STORAGE
13525,vmm-9a339eef43ae70faf15b912837186f959d904eca35afcd950003590e9d7e0994,power_hp,162.2,162,ROUNDED_FOR_INTEGER_STORAGE
13528,vmm-b23254638e2246a2e72def4e66d7c68ce1bc97b26a89b7c16de85920913f6927,power_hp,175.4,175,ROUNDED_FOR_INTEGER_STORAGE
13529,vmm-558f303fc2bd1c0ecdc7f3db0bb319ef47a2146617c46d3f262fc8297daab53e,power_hp,175.4,175,ROUNDED_FOR_INTEGER_STORAGE
13545,vmm-1b2f74c96e9a2930de36b76a67393cb4f35420e8131caa37f6ec3bec937736b8,power_hp,192.6,193,ROUNDED_FOR_INTEGER_STORAGE
13547,vmm-772392bb33dd219aee970e08a68916a95da80f2765297de98f587778657ee280,power_hp,193.6,194,ROUNDED_FOR_INTEGER_STORAGE
13833,vmm-2502b6d8f960b3ff872b5e959dc535d5072a247e0f775ff2144f4482759331fa,power_hp,243.3,243,ROUNDED_FOR_INTEGER_STORAGE
13834,vmm-1358bb91d425144fd7508968c52c2378e50ba2a9b7b01fcd063b202988683bc5,power_hp,243.3,243,ROUNDED_FOR_INTEGER_STORAGE
13916,vmm-f1d26177ac0e992e5d3bf5ac4f7f195d1f9100c05c4f16677df22a45d9751522,power_hp,277.8,278,ROUNDED_FOR_INTEGER_STORAGE
14098,vmm-0136de469245c2bec8ca3614c3ba04a3774228bc08a726eb60f12552057a19a5,power_hp,84.2,84,ROUNDED_FOR_INTEGER_STORAGE
14100,vmm-33ebdbebaeff879d54a6eba86284be0941be86063ae1621d0afe864c6183aa2b,power_hp,84.2,84,ROUNDED_FOR_INTEGER_STORAGE
14537,vmm-a2f3d136c0007b82ae28d5bfebe76a5cb0f44816cf890e9bee93929c1a4ef8c7,power_hp,306.2,306,ROUNDED_FOR_INTEGER_STORAGE
14541,vmm-60339a22c092b4e363fca985d2e5b3696390bfe85d9f4e6580f78a3a85c1c6ba,power_hp,248.8,249,ROUNDED_FOR_INTEGER_STORAGE
14543,vmm-173c770352b21de8f80320804896df301382672cc8fe09742212951b2ac83f3f,power_hp,271.7,272,ROUNDED_FOR_INTEGER_STORAGE
14544,vmm-80f470c3a8d42ee06f38de12587d3e2488167628cf38285864296e29e585a868,power_hp,202.8,203,ROUNDED_FOR_INTEGER_STORAGE
14571,vmm-ee5c7a2360a296bb2701c07e6c47efbbeea34422b2d91b8989381532cc9291fa,power_hp,282.9,283,ROUNDED_FOR_INTEGER_STORAGE
14586,vmm-b8e9c9abc6451e4a7b33376398971abe67d53f82b70de0512847b98f0a0334ba,power_hp,315.3,315,ROUNDED_FOR_INTEGER_STORAGE
14659,vmm-68be0ce8da4ba1113879ef5311eca9f01c8300ae9481b1fe12ed375821429ef4,power_hp,388.3,388,ROUNDED_FOR_INTEGER_STORAGE
14733,vmm-e11c0446883ea4730c20022da92ff9d7e1fcb94dd995df1d57dfcd5d2e9f2947,power_hp,203.9,204,ROUNDED_FOR_INTEGER_STORAGE
14740,vmm-78726eeedf8ffc855aa81e82e97eb368505cec38548c1c30f34885d8e7f1a8a0,power_hp,306.2,306,ROUNDED_FOR_INTEGER_STORAGE
14741,vmm-2441b9fc2036eeae0130c2d37236a8438ace66c57ebc686fba34d91efec7795b,power_hp,306.2,306,ROUNDED_FOR_INTEGER_STORAGE
14748,vmm-552e493860d92d7c7a3eef7e9e714e8c8bf649a2d184d22add0f32201bc59729,power_hp,278.8,279,ROUNDED_FOR_INTEGER_STORAGE
14749,vmm-32e04a8b2c9005bcdf81cb08bfd103bbfe238494483102f36a034602709cb12c,power_hp,141.9,142,ROUNDED_FOR_INTEGER_STORAGE
14750,vmm-1fbd5bb8b53cc34caaa1603bb079120db402003e2df3bf1a2f2223de95f1ff28,power_hp,157.1,157,ROUNDED_FOR_INTEGER_STORAGE
14751,vmm-9cb08d40af624abe18897e9094fc74df6d326a951bc62f3dbf3fd1705d61a2d0,power_hp,162.2,162,ROUNDED_FOR_INTEGER_STORAGE
14752,vmm-5452d25e8443f79a56a3bc17a3b88b29e9d2048784137e92722e282650364387,power_hp,113.6,114,ROUNDED_FOR_INTEGER_STORAGE
14756,vmm-3c005e2faf19cd0877478be0befdca2f7457717ff9e9ec9c41ca96f2001ac659,power_hp,130.8,131,ROUNDED_FOR_INTEGER_STORAGE
14757,vmm-8ef6ce5e6b3d213fc4f9d109ae787fe3e73a223ae87ed0c0f681987f30b37fec,power_hp,141.9,142,ROUNDED_FOR_INTEGER_STORAGE
14768,vmm-72c2eeee147f151366513b4bb60ec3048022d9f4e3dea46c6330a6c33adeae09,power_hp,319.4,319,ROUNDED_FOR_INTEGER_STORAGE
14769,vmm-bc52ac1853b8d657072048861966568e574722c640d6a92cec1558ca8fda5d92,power_hp,354.9,355,ROUNDED_FOR_INTEGER_STORAGE
14809,vmm-7c3a66817cfc9c78c22f26755661e491414e98dd6fd239d8fc981fe63fe69faa,power_hp,405.5,406,ROUNDED_FOR_INTEGER_STORAGE
14951,vmm-a0efafad566a41b9018419f3a82bd96cf21d2e1a677d66b5245bd439dff5f7d4,power_hp,63.9,64,ROUNDED_FOR_INTEGER_STORAGE
14952,vmm-8d15ac3aa527167fd4c18f4ac1592f7de3fa78e681874368eebe7ee6ab953325,power_hp,63.9,64,ROUNDED_FOR_INTEGER_STORAGE
14953,vmm-bb897fd308a9aed2f70ee314be8aff3084342e944f6cfa09eb2b402b31c88e0f,power_hp,106.5,107,ROUNDED_FOR_INTEGER_STORAGE
14975,vmm-88aa0f09eef4c1ab8af69c693548a98eed1d02e545e6c7602737b49b753417e3,power_hp,283.9,284,ROUNDED_FOR_INTEGER_STORAGE
15457,vmm-39c0fb95ae9991c524dc54fb8e4b36df3cdb0268107c050bbf876ada7da26986,power_hp,283.9,284,ROUNDED_FOR_INTEGER_STORAGE
15458,vmm-29c03192709b800ba9b354db4704c0644aa2b439977a4611cc57191442f2edb6,power_hp,344.7,345,ROUNDED_FOR_INTEGER_STORAGE
15575,vmm-ae6ea8166d7ab0a8f5473aa04deae2ff2d34e577d1a63fa1ef83bf1e5099a9c4,power_hp,720.1,720,ROUNDED_FOR_INTEGER_STORAGE
15602,vmm-cd43f3bc413d31cb8f0293da50029a629f0e7658f60413c9e14cf0f966b7e001,power_hp,475.9,476,ROUNDED_FOR_INTEGER_STORAGE
15606,vmm-2c7c8348f51d227712749bb3a1345ec1ab2c97a9aa933899885723b5d638af29,power_hp,390.2,390,ROUNDED_FOR_INTEGER_STORAGE
15610,vmm-f843cbdafaf83acfd997290fc085e7513b4ae6041c416a37a11c19d5c706ddf8,power_hp,475.9,476,ROUNDED_FOR_INTEGER_STORAGE
15625,vmm-b7d2efa389e73d19d444c906e54058d23babb08a9ed7e4e7f9add5049a5da04c,power_hp,449.1,449,ROUNDED_FOR_INTEGER_STORAGE
17524,vmm-e9fb2a8e9639714746939976c58b19c17e796f5a4e3ae874787206b7c08a2fe3,power_hp,333.1,333,ROUNDED_FOR_INTEGER_STORAGE
17525,vmm-35827f0369108947af6ad61aa37dd7c4db2d3ca10fa5d86df2619eca5d304e98,power_hp,455.5,456,ROUNDED_FOR_INTEGER_STORAGE
17526,vmm-4687ede61ce418d8835659aaa6adc27cc6794655c188f2e33ee0974ce3a36dc3,power_hp,258.3,258,ROUNDED_FOR_INTEGER_STORAGE
17623,vmm-0fafcb36c55d96c3146f730a9d976433f6d40cacde7fe94694fe8e4d53b162ee,power_hp,529.9,530,ROUNDED_FOR_INTEGER_STORAGE
17851,vmm-faf026484276d0f92d306e0aab83d6a54b037b2812053f73975ef693f8dbd7cc,power_hp,367.1,367,ROUNDED_FOR_INTEGER_STORAGE
17852,vmm-f757933bfd9f496ba53a9e6f0f533f9c715c4626573df2af5f844be58ce6209a,power_hp,455.5,456,ROUNDED_FOR_INTEGER_STORAGE
18009,vmm-9acf2d82a2876593fab1e4cac93aea7445a3c8d686de1b6825099d110662dc90,power_hp,177.4,177,ROUNDED_FOR_INTEGER_STORAGE
18010,vmm-0f08b737cd33527f7ce895dc4c7a6d46a328a468cb1ea2e53436b832d263177b,power_hp,243.3,243,ROUNDED_FOR_INTEGER_STORAGE
18011,vmm-b3cccec0367ec76c09ef4d58a32f7c5666c4d19fc9ba1752b73849e161a0eebc,power_hp,243.3,243,ROUNDED_FOR_INTEGER_STORAGE
18012,vmm-85331bce1c633e3171027b5e5af73128d4d92b4a9e708f2a3bd4ed446b73d2d0,power_hp,158.2,158,ROUNDED_FOR_INTEGER_STORAGE
18013,vmm-83e6a28a702427c91dbcff10090599df9bee0875a2844726bc4ce869977346c1,power_hp,253.5,254,ROUNDED_FOR_INTEGER_STORAGE
18014,vmm-e76e2df711cf18e75a29f0c68f6ce7502996bcade8085dce663748dea0c7b725,power_hp,253.5,254,ROUNDED_FOR_INTEGER_STORAGE
18180,vmm-c0b8134290b326f114be858f3ca0e69215da985131ca6ef16183c89097628783,power_hp,191.7,192,ROUNDED_FOR_INTEGER_STORAGE
18314,vmm-9dba543f5f13645c194cf62a3ea071ef45c1501b791fa38670980b5b44779841,power_hp,172.4,172,ROUNDED_FOR_INTEGER_STORAGE
18657,vmm-d1ef3142ada63ac85a241f67eaf1c0a00b963544d42e02f78fbdc786d45906b4,power_hp,77.1,77,ROUNDED_FOR_INTEGER_STORAGE
18658,vmm-0105324d55778c1b670b705b057d54d84237909103c7fbfeffc105a94ef54c7e,power_hp,77.1,77,ROUNDED_FOR_INTEGER_STORAGE
18659,vmm-02a3ffa1ea4269d5c7560a10b75405abb1ccf36d53a0f854f6d6b4063adf8ee3,power_hp,77.1,77,ROUNDED_FOR_INTEGER_STORAGE
18758,vmm-9e5a785880c63546164826f272f9dfba685bfeed1597eb365dcee4deccecccb0,power_hp,258.5,259,ROUNDED_FOR_INTEGER_STORAGE
18819,vmm-26447cd92ce1ad3d6e7c30200b0f864179bf2d4ca09a25f134436a5d64e1e875,power_hp,354.9,355,ROUNDED_FOR_INTEGER_STORAGE
18909,vmm-ea6d45823cae28150035f50c8bc30dd1f38c8992e810336aacf5cb504a71e9f6,power_hp,466.4,466,ROUNDED_FOR_INTEGER_STORAGE
18911,vmm-992919c4adb53407bde25dd5126266cfdb605992f68eab17ba7c939b82c193cf,power_hp,430.9,431,ROUNDED_FOR_INTEGER_STORAGE
18950,vmm-8705089ca30739eb6a87b87acc4a8cd9945073488eecfa8cf3997a88d088f442,power_hp,572.8,573,ROUNDED_FOR_INTEGER_STORAGE
18951,vmm-e974cc696b582d0c230c38167c51085808ef560c9ebfc0d04e5078074519cd81,power_hp,529.9,530,ROUNDED_FOR_INTEGER_STORAGE
18986,vmm-a734ef13368e924a75826b9da68fa8fb70d67ebd54799ec54b8bac29ee2deed0,power_hp,126.7,127,ROUNDED_FOR_INTEGER_STORAGE
19086,vmm-4d9590bf4bc0cc14531f4e28d7d19725a753628f20b2ebec17e8c1fb513660bf,power_hp,244.3,244,ROUNDED_FOR_INTEGER_STORAGE
19148,vmm-8c10e342f787c1a88fa71a2c51cab5435b5d0f585a1a58bff58d85328cf1425f,power_hp,299.1,299,ROUNDED_FOR_INTEGER_STORAGE
19150,vmm-27b5b146686df1c606493c1c1f33bfd8a2faba42be1fd7e74821d5833fc989fd,power_hp,287.9,288,ROUNDED_FOR_INTEGER_STORAGE
19151,vmm-98a72def203323d0448773e2d864d8c802cec94c9ea0b25e5bde26009e564509,power_hp,278.8,279,ROUNDED_FOR_INTEGER_STORAGE
19153,vmm-854252122cefa93dd445f26194c49b8fb4ab7e71a9fb861e3810b4dd69e26e90,power_hp,287.9,288,ROUNDED_FOR_INTEGER_STORAGE
19154,vmm-f63b47a4000ab020a2b334e72d5bcb284a5d398a289b792c698403b9a7fd8e9f,power_hp,287.9,288,ROUNDED_FOR_INTEGER_STORAGE
19155,vmm-df50c0604f5f08a1d4b111d9052721a746969099902e29003b10ab886d5f476d,power_hp,263.6,264,ROUNDED_FOR_INTEGER_STORAGE
19156,vmm-f3d8c732fd7f82af3631db26f7ceb2ad93c243fa9eb7a81f85e987915fd9207e,power_hp,263.6,264,ROUNDED_FOR_INTEGER_STORAGE
19310,vmm-dd501ca27f422115868d81ea2b157616c6b18225463e7d60d44db9a0613716fb,power_hp,132.8,133,ROUNDED_FOR_INTEGER_STORAGE
19324,vmm-a0b0a9d01f8ea567b7a1e2c197854f1978b055ad122a181258fcebfc37c55f08,power_hp,151.1,151,ROUNDED_FOR_INTEGER_STORAGE
19435,vmm-4f3e303c424cb7e5ef77f6289b08000a994e182a9c16d28fc3f81503f51fed8e,power_hp,395.4,395,ROUNDED_FOR_INTEGER_STORAGE
19436,vmm-33d5707197c6a10425dd8af10f757c0758e8fa21019fabad1720d5125918edb0,power_hp,395.4,395,ROUNDED_FOR_INTEGER_STORAGE
19489,vmm-5655fc01a8160c65a1ff6e697d6fd6a39a227a233e96b6a3d73d06e23e2746ff,power_hp,405.5,406,ROUNDED_FOR_INTEGER_STORAGE
19499,vmm-c5f4986ea54e323ed03537fe3d1d9e4a8389011fa4c74a89bf30e2b59378264b,power_hp,253.5,254,ROUNDED_FOR_INTEGER_STORAGE
20806,vmm-9e81b8385804ddd6fdc9aff0f1a81e51be09985d53be6e395769cc0d48f45a34,power_hp,802.2,802,ROUNDED_FOR_INTEGER_STORAGE
20842,vmm-d1999449ce0a6a42fa93df379ee5c9f412fc0244efbcfc6db113381b97c94b5b,power_hp,91.1,91,ROUNDED_FOR_INTEGER_STORAGE
20843,vmm-020f9a058af8caf232891fa3c288c3e1737d4cbc4dbad56a50ab55386c1ac93d,power_hp,91.1,91,ROUNDED_FOR_INTEGER_STORAGE
20887,vmm-018185424be50521baba034cb9f283f8a4fe06790b417e16f36b6e27990d3d11,power_hp,131.8,132,ROUNDED_FOR_INTEGER_STORAGE
20889,vmm-40b25781ea5eb26587a9d59bbb51d9bd4714a1f958e0fada233a8a9b264aca0c,power_hp,101.4,101,ROUNDED_FOR_INTEGER_STORAGE
20892,vmm-d9f0391da9f2b40cb57231d5cc902d7336092023602cf4205bc50a5e3327e950,power_hp,137.9,138,ROUNDED_FOR_INTEGER_STORAGE
21786,vmm-c8643d066e272e7ef539085b3beaa647e3be9d0f8cc5e5223b683eb56f297ce7,power_hp,116.6,117,ROUNDED_FOR_INTEGER_STORAGE
21787,vmm-9e0055228bef109c21b399e17bc9c88b8926486dd511879ebbbfd0fbca58f8e6,power_hp,116.6,117,ROUNDED_FOR_INTEGER_STORAGE
21847,vmm-f5bcb8ad4a33bc90f1e9df0338fb1a3523819fb015e7c617d0b34eb7c9d62500,power_hp,154.1,154,ROUNDED_FOR_INTEGER_STORAGE
21848,vmm-a9e6e7555d54bb1e569375780517d502a713e39a2821b8151c031ff40ffeec66,power_hp,162.2,162,ROUNDED_FOR_INTEGER_STORAGE
21849,vmm-b0a6b4bc20efbff8e79d9f27617a564b3ae5d36e36e927d4552aaef84c2c17e2,power_hp,101.4,101,ROUNDED_FOR_INTEGER_STORAGE
21853,vmm-fde3a6e8bda4ae5d5dd6ad18e4d7f463d54cd1a0b74a9017d68aaee399291b43,power_hp,98.3,98,ROUNDED_FOR_INTEGER_STORAGE
21855,vmm-60b9fe431e937d53b0ac50d18b4fcc3095d6f17973fb856df3f8bc816184a186,power_hp,137.9,138,ROUNDED_FOR_INTEGER_STORAGE
21869,vmm-ad0bc5f642ab944f1dc38bd169fb2962accd21ced5f3f3c76021d33fe4111bc9,power_hp,187.6,188,ROUNDED_FOR_INTEGER_STORAGE
21870,vmm-1546fca50c96e69290f790b70dbeccc1dcd6b575c2049bb8604c442ec69c4654,power_hp,187.6,188,ROUNDED_FOR_INTEGER_STORAGE
21871,vmm-732b76a8f0eb0724412813cfd033956f5c824cfcb43b1b76bd5aed6629de6449,power_hp,212.9,213,ROUNDED_FOR_INTEGER_STORAGE
21872,vmm-7a5f77a28b449916e0439b496d0784af7b94794b9867fb714712012c346a4f38,power_hp,278.8,279,ROUNDED_FOR_INTEGER_STORAGE
21873,vmm-cb2f6e5de6484df74f3fd9f6873189deb8198bbcd6124f30ac348a99fcf0b60e,power_hp,212.9,213,ROUNDED_FOR_INTEGER_STORAGE
21874,vmm-f1d45d63768cb641568e53381d677f5feef5e4b674438f99290cad3c97601226,power_hp,243.3,243,ROUNDED_FOR_INTEGER_STORAGE
21875,vmm-9b98ccf31532a319ccca6bc0675113b82aaf25acc9f96819b5d5ffc47ea7fa5d,power_hp,238.3,238,ROUNDED_FOR_INTEGER_STORAGE
21876,vmm-86ec06eef19c1521a7cbe7c89d3e30004c9ac5c91adcfb1f06c0cfc4a3016896,power_hp,310.2,310,ROUNDED_FOR_INTEGER_STORAGE
21877,vmm-47b8e54a005a18ff408786254c6928c3ec567fe83deadf0dac948f42777c6316,power_hp,238.3,238,ROUNDED_FOR_INTEGER_STORAGE
21878,vmm-f04c70f36333cee7fa39f8e1da45328788efd497601c86e05100a7cb53d0f183,power_hp,310.2,310,ROUNDED_FOR_INTEGER_STORAGE
21879,vmm-8fa783cb240e6ee77fd70427c85382b4d136d88667a36904f78e96592616d689,power_hp,410.6,411,ROUNDED_FOR_INTEGER_STORAGE
21880,vmm-34b47899de011ef88d4f090c45639a68186eea0a461bf090ee78ea6b2d6618be,power_hp,410.6,411,ROUNDED_FOR_INTEGER_STORAGE
21882,vmm-16faa7efc7560844beec2b755e61ee159e25c2c974cad4e99e1c91bf5069ae56,power_hp,263.6,264,ROUNDED_FOR_INTEGER_STORAGE
21883,vmm-b2d13a1f99efa7fee300815d50dd7b980644e32cb9ff98b506f8164d4ac840c1,power_hp,228.1,228,ROUNDED_FOR_INTEGER_STORAGE
21884,vmm-b75fef484382816c1a23bce849be5a77d151f9c8964c7bf314f647c76285f19e,power_hp,304.2,304,ROUNDED_FOR_INTEGER_STORAGE
21885,vmm-e041a274389a557ab9ffcc1581414ec40a07a37f128071f851cdad25ec41ddf1,power_hp,314.3,314,ROUNDED_FOR_INTEGER_STORAGE
21886,vmm-54fff252b6cbd3c21ec81ed9f89ac69c40a46995430a8233a1b505f26f194192,power_hp,228.1,228,ROUNDED_FOR_INTEGER_STORAGE
21887,vmm-4aa99c1433b3d1df87e80ea56e00f0b5dd6bfdd1efb8a1006e07f238487d8641,power_hp,304.2,304,ROUNDED_FOR_INTEGER_STORAGE
21888,vmm-9614ba6201fb0852ad66046bd58deaccd304656be78398dac2173ca3a3d31a34,power_hp,314.3,314,ROUNDED_FOR_INTEGER_STORAGE
21974,vmm-1aa4e6ff80aca6ff4c18a418a391ec11df28d88a2bd9a5828de679a615d4a4d0,power_hp,154.1,154,ROUNDED_FOR_INTEGER_STORAGE
21976,vmm-cdf24944b39bc09f79c52e23c931f4145720b70f9d8b7448e6ef7784771c3759,power_hp,118.6,119,ROUNDED_FOR_INTEGER_STORAGE
21977,vmm-3106af2d38aaf5ca28ed18f791c504e7a2727647e27e7f96e88b5014e1dfffe3,power_hp,123.7,124,ROUNDED_FOR_INTEGER_STORAGE
21980,vmm-f832315706f1989c0fe3b0d8626a3202fbece98d710eaf8cc59b00e05d558b18,power_hp,123.7,124,ROUNDED_FOR_INTEGER_STORAGE
21981,vmm-e0ddcc2433373fbadea8ed7a2853def0ec8ad5c227533e8fcbbed03a97166cba,power_hp,118.6,119,ROUNDED_FOR_INTEGER_STORAGE
21982,vmm-0f621eac9299591c0cfd8752714d70a8a6b34998cf73d2ac3d5bf50033e24289,power_hp,154.1,154,ROUNDED_FOR_INTEGER_STORAGE
22141,vmm-381346001d6e82138444aea2ba90a704e7812a2c488aee9c7b615fa2d89d5447,power_hp,529.9,530,ROUNDED_FOR_INTEGER_STORAGE
22486,vmm-263788f5ea2008e985424c5862fa56d7cdf9d53cf7070b58c5c1d50404776cea,power_hp,156.4,156,ROUNDED_FOR_INTEGER_STORAGE
22495,vmm-efd63809a6c8f15563b2a7d630ef51a1b732d7b4bd1b5d260b16baaf8997a96f,power_hp,400.5,401,ROUNDED_FOR_INTEGER_STORAGE
22497,vmm-d19930fc768aaf549e0e1560f6e8c9ca64d28026cad52581a61d1f74da0bf7dd,power_hp,425.8,426,ROUNDED_FOR_INTEGER_STORAGE
22498,vmm-906e3867a83c20dd87eac74c465d2eeea6e687e1c98f3251bf472deb804b0195,power_hp,547.5,548,ROUNDED_FOR_INTEGER_STORAGE
22534,vmm-20c19d5df399d8e9a4c4e3d764baf688ed599fbdbe0326841961be7917bebfa4,power_hp,308.6,309,ROUNDED_FOR_INTEGER_STORAGE
22535,vmm-d79c1c92877cc41cc41d5f80c6d18f83d3d7e2ce9d67612bfe8e9827fcd3a298,power_hp,308.6,309,ROUNDED_FOR_INTEGER_STORAGE
22536,vmm-21caab6c95bf599a88f97b3a0d39d380619b5f434e8d8f21815ae3c28e20e6c1,power_hp,314.3,314,ROUNDED_FOR_INTEGER_STORAGE
22537,vmm-c08ea4ddf34459efba63d69e4154d10ec77967ae009afc80cad97178d203c814,power_hp,314.3,314,ROUNDED_FOR_INTEGER_STORAGE
22538,vmm-fd80717f4dacb1e66deca96a073a8cf8dff9db21ea0eea0f4b562e9652b41eb4,power_hp,400.5,401,ROUNDED_FOR_INTEGER_STORAGE
22539,vmm-a9e2751df3de0c1ad883b9adab128eeb723a663e24bbad7fcb5e752c61c68bcc,power_hp,400.5,401,ROUNDED_FOR_INTEGER_STORAGE
22540,vmm-ba6dde2c1363093e05d03f36142784adb32e7de0932dbf84000b7bc052eeb955,power_hp,400.5,401,ROUNDED_FOR_INTEGER_STORAGE
22541,vmm-de183a387b72ea4d8691ee187520f7b93f0339e8e7c1c14203b0c333f8d1a303,power_hp,400.5,401,ROUNDED_FOR_INTEGER_STORAGE
22542,vmm-a5981fd9ca8f979753d03d88840f9266a0197f7cb413f22bc8087ca075fb40eb,power_hp,314.3,314,ROUNDED_FOR_INTEGER_STORAGE
22543,vmm-de4572ad8e0677496a05a29c3b8dc4bfdcbb0697f732a1d6c9610417fe9158ca,power_hp,314.3,314,ROUNDED_FOR_INTEGER_STORAGE
22544,vmm-848f986de250765b7760b9e49b62d3497062651e67f1db42b3ca9e2f55998e31,power_hp,400.5,401,ROUNDED_FOR_INTEGER_STORAGE
22545,vmm-94c31c168fae862ae269dac7d613ad7468f875e769212fc36ba815ad9e6d4369,power_hp,400.5,401,ROUNDED_FOR_INTEGER_STORAGE
22546,vmm-6fdd9106b86c76f851ba457784bc8bb0d097ff7f5ff553fff05e8d65106031d3,power_hp,308.2,308,ROUNDED_FOR_INTEGER_STORAGE
22547,vmm-9dce154a668fb78d66a6afd71958a3feedf893431eed07487d769f42d40d9943,power_hp,308.2,308,ROUNDED_FOR_INTEGER_STORAGE
22550,vmm-ab38fadbe21186fc2771668b1c31da23f604bff4a27947f408e2188044ea9cfb,power_hp,400.5,401,ROUNDED_FOR_INTEGER_STORAGE
22551,vmm-a4bba6f007a9a3c641150829b168e964c2246d847031d60075e468186dda9c01,power_hp,400.5,401,ROUNDED_FOR_INTEGER_STORAGE
22560,vmm-82af2c0b4d1d53f3573ee907777206bf8c66ca46b7d42c1fa5724149155f372e,power_hp,388.3,388,ROUNDED_FOR_INTEGER_STORAGE
22561,vmm-be3253d84d88c27368c71dc9d3b9465c182b997637cf03309235f7e99b557efe,power_hp,388.3,388,ROUNDED_FOR_INTEGER_STORAGE
22580,vmm-da3da368d53ffd08c857190b728e51d2f4045b0a424e6eed62491010e9f66424,power_hp,388.3,388,ROUNDED_FOR_INTEGER_STORAGE
22581,vmm-1eed334b08be6a465e370cb13b9b2bd2c6a7797bf87d6448bb67e12a22784263,power_hp,388.3,388,ROUNDED_FOR_INTEGER_STORAGE
22582,vmm-f2be15332bb2b6f0446c80e6c800abdb96a65f3a76b13d89e110c76787d78b01,power_hp,375.1,375,ROUNDED_FOR_INTEGER_STORAGE
22583,vmm-8c3054d8d8f077e8b624b1e430124c34aec4d6824645600d41ffaf45f5db5768,power_hp,375.1,375,ROUNDED_FOR_INTEGER_STORAGE
22584,vmm-95ab4ad2a39887c37bf97a1dbf04ae8075ac31cfe8371c268421b969dcaddc15,power_hp,388.3,388,ROUNDED_FOR_INTEGER_STORAGE
22585,vmm-0073257df0798e6daf0822e3c0d2bba6752339b4628c06b597e84998f99bd7c4,power_hp,388.3,388,ROUNDED_FOR_INTEGER_STORAGE
22586,vmm-d96dd7fb6e9a70bc29506ed69a35538f4f5fa2c7136c8c8998922d6c00a676ab,power_hp,375.1,375,ROUNDED_FOR_INTEGER_STORAGE
22587,vmm-d0b4f6a97d2afb4935554ac2ff3f595a3ceafa71a33f0548ea26ad7c0b2c1bb5,power_hp,375.1,375,ROUNDED_FOR_INTEGER_STORAGE
22588,vmm-486472b4ad39e566faf654aba86afa75121dbea1164ea2577f6146f9c37da725,power_hp,388.3,388,ROUNDED_FOR_INTEGER_STORAGE
22589,vmm-7eb9202684e1fb33bf009a6d62538878aaf74d4978d914c9c8128a40045731a5,power_hp,388.3,388,ROUNDED_FOR_INTEGER_STORAGE
22590,vmm-5b6f17d6a291dd60989636935239f4988155ba39afc6b8a67647e1b33551d457,power_hp,375.1,375,ROUNDED_FOR_INTEGER_STORAGE
22591,vmm-a41504a8b6b9d42581391353412fedfa99e09662ec4f79074f14d3f07b2785e3,power_hp,375.1,375,ROUNDED_FOR_INTEGER_STORAGE
22620,vmm-f61564c87e7ae99148503a2c6932a961efb97982c6c431d40ceb8d503e64b192,power_hp,388.3,388,ROUNDED_FOR_INTEGER_STORAGE
22621,vmm-f517165d1c153777bc0bc9837cdc26b9593b9cc550e9c125e737899d1dd9c904,power_hp,388.3,388,ROUNDED_FOR_INTEGER_STORAGE
22622,vmm-e4ee7754265622a012d7ed51124fde30c77823f8af63cd41260c2c496570c192,power_hp,375.1,375,ROUNDED_FOR_INTEGER_STORAGE
22623,vmm-6c4fc33e5d2649e80a6f45f57d6c8fb9c5fbc92ecaae1cf71f10b8543d783ebb,power_hp,375.1,375,ROUNDED_FOR_INTEGER_STORAGE
22624,vmm-8ae31cc932b3a4b682e42a6d8145b7be5933ded58396125642276e1b9da610cc,power_hp,388.3,388,ROUNDED_FOR_INTEGER_STORAGE
22625,vmm-bfa21ccb70d4c133467486f83f008a0a37338ecda4c7f3c3d5ef0ccc3250b63f,power_hp,388.3,388,ROUNDED_FOR_INTEGER_STORAGE
22626,vmm-541e05ffe8d35aa48622996dab1c6cf38bda4934a16a8e8bf1d8783eff50a332,power_hp,375.1,375,ROUNDED_FOR_INTEGER_STORAGE
22627,vmm-c1b8186bc72c72d054cff1a7f4934b2256890c42d2dd5957790f9cb804a6afb0,power_hp,375.1,375,ROUNDED_FOR_INTEGER_STORAGE
22846,vmm-df80a3b7aa255f98c61be306d3dfdf129cb10861663ccea321454f0d29653963,power_hp,91.2,91,ROUNDED_FOR_INTEGER_STORAGE
22847,vmm-b55e30972a7d4e7c17ded0860fb4d942854798eb33a7b6a4132a68f5782f1229,power_hp,157.1,157,ROUNDED_FOR_INTEGER_STORAGE
22848,vmm-b4aae1e17d39f28196538c58bd2fff26ea307fb692bbb49fb6636ca0bd8809ab,power_hp,101.4,101,ROUNDED_FOR_INTEGER_STORAGE
22849,vmm-b73fcd9755d58ebdfc89dd286d09595777f161dc7b6e8272ab73c78e08411394,power_hp,162.2,162,ROUNDED_FOR_INTEGER_STORAGE
22850,vmm-220feaea9289c986b0f9de96d0bfe2cdcb8c01827bdca7f5b1dd1a2336985af4,power_hp,141.9,142,ROUNDED_FOR_INTEGER_STORAGE
23005,vmm-7ae97e4f3b6f09be6828f11ef0cdf8f6f16868dc7ec1dc3e7bb5423f1b2a7ebe,power_hp,119.6,120,ROUNDED_FOR_INTEGER_STORAGE
23884,vmm-eb04b71252d1bd9fa861376dfd6eaad9804a2900e9c1574b05593608c0fa48d8,power_hp,570.8,571,ROUNDED_FOR_INTEGER_STORAGE
23885,vmm-3d09ae80bb3b1b7c4cf7a802cf58c3721ea21be0819e4bf10dcc5249df96a27f,power_hp,570.8,571,ROUNDED_FOR_INTEGER_STORAGE
24236,vmm-cd56f5b76857f93c1312197edf455f04201f03d8ee8207c2128e701d3f89047c,power_hp,141.9,142,ROUNDED_FOR_INTEGER_STORAGE
25453,vmm-f7604f9574fd968d5cb6a248f7240b4ef3dcc8a355e45c5886bd2975c6c9c836,power_hp,217.5,218,ROUNDED_FOR_INTEGER_STORAGE
25542,vmm-38562646864e34cd8edfaedcb38163192986f29ea21f776b1c35e050f9afafc5,power_hp,81.6,82,ROUNDED_FOR_INTEGER_STORAGE
25543,vmm-4ed124f32fc5b6be09a745f036be533329f59a582fe8aea2aaa538e836120e9e,power_hp,81.6,82,ROUNDED_FOR_INTEGER_STORAGE
25544,vmm-bc85e334fd87865b004f68545c81571b833e68caf3a6b6a4a4311b869fa5c7ce,power_hp,81.6,82,ROUNDED_FOR_INTEGER_STORAGE
25546,vmm-09085311fa56e860c8b380b1f4a3d316d9f2e1f14502b7d12acccddaa936b7ca,power_hp,81.6,82,ROUNDED_FOR_INTEGER_STORAGE
25559,vmm-eb6effc14c7df747f72107fa698f8b0732703f36aa1bc00788c03d691828c0f1,power_hp,81.6,82,ROUNDED_FOR_INTEGER_STORAGE
25586,vmm-124db6636ec5b9793b66094dbab051ba1624f168e125587a8a9f112bdbdeb934,power_hp,81.6,82,ROUNDED_FOR_INTEGER_STORAGE
25615,vmm-32ed59260da92a6290f0bf22ec35b55704db7be3794b9bc21568cbcc9d77a4f7,power_hp,506.9,507,ROUNDED_FOR_INTEGER_STORAGE
25712,vmm-0632af1007f3e37c21e0ed6c62a1056561a5571ce949b2d7470ce29d40f8611a,power_hp,231.2,231,ROUNDED_FOR_INTEGER_STORAGE
25729,vmm-635f0ef6965dd5ce42876930480d37459dfeba6c767191d78b426d56ef5a3f96,power_hp,150.1,150,ROUNDED_FOR_INTEGER_STORAGE
25730,vmm-3c78c48512b30a537315b9b0dddf071a008e8e45fa4a457ad87c0b2259fea520,power_hp,150.1,150,ROUNDED_FOR_INTEGER_STORAGE
25737,vmm-ba33d1213997b5a9e3364c1e1290345cf15a7e951a605309ab348a17996192dc,power_hp,182.5,183,ROUNDED_FOR_INTEGER_STORAGE
25775,vmm-e8e545deae678c78fd5839b9919658cc248d2293af4774365ae22fa975baf6dd,power_hp,154.1,154,ROUNDED_FOR_INTEGER_STORAGE
25776,vmm-2e392b86053561c9dbe48b21e43a9e719b45622c1aeb9837f50427ecefe6fd99,power_hp,154.1,154,ROUNDED_FOR_INTEGER_STORAGE
25840,vmm-ed90b6d0603e6e2dfc4dc6a53ffac3fae49f509565a05935bde60d8dc2f1e6fe,transmission,Lineartronic CVT (Continuously Variable Transmission) includes 6- speed manual mode and steering wheel paddle control switches,CVT,SHORTENED_LITERAL_DISPLAY_DESCRIPTION
25907,vmm-284778e49c8e709ff7ffc9287f49e7a3110ff49722ad8337b8eac7479429d36b,power_hp,263.6,264,ROUNDED_FOR_INTEGER_STORAGE
25939,vmm-eefee7fd9276174c5cb440def8de88bf887f8332bc2b9f896c93a2db476b6741,power_hp,263.6,264,ROUNDED_FOR_INTEGER_STORAGE
25940,vmm-5a0b9b697881e93e312ad49c9d22201d8cfe3d9faaa62430beeb6e7508c84405,power_hp,184.5,185,ROUNDED_FOR_INTEGER_STORAGE
25966,vmm-85db6b127528cadbd5fcf8b71eeb08b2a061d5728700e0ecd4cb31eecb40161d,power_hp,345.7,346,ROUNDED_FOR_INTEGER_STORAGE
26281,vmm-90b68084c9cb507e49e08ec698f0df0b8d51efcef1505b40ea7349ee3fc7f0b3,power_hp,319.4,319,ROUNDED_FOR_INTEGER_STORAGE
26282,vmm-cf0abaa0540be42a30879f7785565787504148b42adf58fa98c132afa46b7220,power_hp,332.5,333,ROUNDED_FOR_INTEGER_STORAGE
26283,vmm-1eccbac0b48289337aa190dd2d6f5e6a37742bac40998c167dbfe86ac9e0e461,power_hp,422.8,423,ROUNDED_FOR_INTEGER_STORAGE
26287,vmm-5f8b1df758aad2bb0275d15bd8f7db646530839123bb10c6f9ee34ad81da7122,power_hp,387.5,388,ROUNDED_FOR_INTEGER_STORAGE
26317,vmm-15bb0f24aa2067af70418784e6c68d7ba1d1fdf4deb5ad30e89c2ab8724ebf68,power_hp,281.9,282,ROUNDED_FOR_INTEGER_STORAGE
26573,vmm-071ef82ca3d885f82e594f5df8f8e0212994189e82cb33c1d8d3ae97525d4b0d,power_hp,97.9,98,ROUNDED_FOR_INTEGER_STORAGE
26592,vmm-ea58276e24a5514da0d3c88b1ab4e4bfbb38f3c5f54d4470850abd80eab6121e,power_hp,160.2,160,ROUNDED_FOR_INTEGER_STORAGE
26593,vmm-5001af58c67389a5da742dd089ce8c94cc280f6f311061b17ec735b668675e54,power_hp,271.7,272,ROUNDED_FOR_INTEGER_STORAGE
26596,vmm-70c8ee88095fd7c573322250e12f7e82cf8aa62c750bba6db1bb6c0d153ceb72,power_hp,258.5,259,ROUNDED_FOR_INTEGER_STORAGE
26698,vmm-53b2338b41493b4b6dc10719b89655ec1ce7ae49dd40898312455855aa18a35f,power_hp,133.8,134,ROUNDED_FOR_INTEGER_STORAGE
26699,vmm-5a8ccdfd05c0b2ee53d8789bdbbcf484c30ae3cc94b104a10955f9812097a3e8,power_hp,133.8,134,ROUNDED_FOR_INTEGER_STORAGE
26828,vmm-3f492c94aa719fa759363b582d0b9ada7cc5c69d1c345e89e73ed3c9cea9d744,power_hp,198.7,199,ROUNDED_FOR_INTEGER_STORAGE
26851,vmm-39a2bd94fdaf47b4c037d29ec8af8c006f5b68e9f6bdf296237cabc796c22a22,power_hp,190.6,191,ROUNDED_FOR_INTEGER_STORAGE
26889,vmm-3260012b16898cb9ab459ee60638a0b337c8b89920a7d39bf829c0658830959b,power_hp,304.2,304,ROUNDED_FOR_INTEGER_STORAGE
26901,vmm-a8f340f099fe7916eb07085cef4341441f3170e2d2cd1bec0538043527b0451e,power_hp,207.8,208,ROUNDED_FOR_INTEGER_STORAGE
26902,vmm-e6230d31945c461a8c2bf7b8c7a1f6a4c2bd828df6de9e1b341fbd92083bfbd8,power_hp,207.8,208,ROUNDED_FOR_INTEGER_STORAGE
26985,vmm-d515159900e82085fb31b63a58708f316313458c53cef9d673a4b757daccf8a7,power_hp,330.5,331,ROUNDED_FOR_INTEGER_STORAGE
26996,vmm-77b3e4855ba3b44658679f6a6eec68a150b8db3d8b7ef112ce2b5483f7411438,transmission,"6-speed electronically controlled automatic overdrive with intelligence (ECT-i), sequential shift mode and uphill/downhill logic",6-speed automatic,SHORTENED_LITERAL_DISPLAY_DESCRIPTION
27015,vmm-4666c04ed3e71a16eee666646af2396cfdb92d82990ba08a84c4a7ccb37c1bbc,power_hp,317.9,318,ROUNDED_FOR_INTEGER_STORAGE
27075,vmm-029b4f927ab4a670d9018baf9b0238901f8a8633b0686e4bcbfe31178efe8173,power_hp,99.3,99,ROUNDED_FOR_INTEGER_STORAGE
27147,vmm-e4e14a2b04965fbd01fca5f58ed907f5ebee910991e5ecaf9ed2ae57f9ceff7b,transmission,6-speed Electronically Controlled automatic Transmission with intelligence (ECT-i); sequential shift mode and uphill/downhill shift logic; TOW/HAUL mode,6-speed automatic,SHORTENED_LITERAL_DISPLAY_DESCRIPTION
27148,vmm-11392165047e13c9aed4850a179f3df5a7c5abb2f885436ccd0123ce6798b8e1,transmission,6-speed Electronically Controlled automatic Transmission with intelligence (ECT-i); sequential shift mode and uphill/downhill shift logic; TOW/HAUL mode,6-speed automatic,SHORTENED_LITERAL_DISPLAY_DESCRIPTION
27149,vmm-c55af03b45db49643b26d5a87f3862155ee9efa62ee6854fee5cb9309784d491,transmission,5-speed electronically controlled automatic transmission with intelligence (ECT-i); sequential shift mode and uphill/downhill shift logic,5-speed automatic,SHORTENED_LITERAL_DISPLAY_DESCRIPTION
27150,vmm-8f5f0ba02b941ba5201c4cfae2bf01a8bcadb52ccc6798b567877f5a81d679e3,transmission,5-speed electronically controlled automatic transmission with intelligence (ECT-i); sequential shift mode and uphill/downhill shift logic,5-speed automatic,SHORTENED_LITERAL_DISPLAY_DESCRIPTION
27151,vmm-3374a64b32f4b9c866a89951e920c7e32beb3458c928246cbbaf8f90c20fcf9a,transmission,6-speed electronically controlled automatic transmission with intelligence (ECT-i); sequential shift mode and uphill/downhill shift logic; TOW/HAUL mode,6-speed automatic,SHORTENED_LITERAL_DISPLAY_DESCRIPTION
27152,vmm-d0f38f0ee8bacf07ec83600766dfc910db4a6b6ff1f321b7208b52dc61b47cbd,transmission,6-speed electronically controlled automatic transmission with intelligence (ECT-i); sequential shift mode and uphill/downhill shift logic; TOW/HAUL mode,6-speed automatic,SHORTENED_LITERAL_DISPLAY_DESCRIPTION
27159,vmm-0bf211225db75c8525d066f3cd0fbcafeb886c39923f5503305010ceef48bb1d,power_hp,191.6,192,ROUNDED_FOR_INTEGER_STORAGE
27160,vmm-d00c5592fd45d0a95da64ac1b1e376d8e21d912c80abe1ce85b3235480461060,power_hp,191.6,192,ROUNDED_FOR_INTEGER_STORAGE
27164,vmm-d9dab640d7077c6282ce199d5f4624921b7e76aed8169a888b09266497abe80f,power_hp,269.7,270,ROUNDED_FOR_INTEGER_STORAGE
27165,vmm-20b07fd8efe831d7d7b4c7a97640806da4480e55c51aa424368b4b8ea84ee62a,power_hp,269.7,270,ROUNDED_FOR_INTEGER_STORAGE
27224,vmm-865317635715e60dbd89d9e899dfd2be38a54475db7147ba5cb2ff673adf481a,power_hp,314.3,314,ROUNDED_FOR_INTEGER_STORAGE
27225,vmm-e61124bcde1984349dba09bdf37a592ac725c4adfb477267ea2074d3acc21753,power_hp,386.3,386,ROUNDED_FOR_INTEGER_STORAGE
27226,vmm-f5c4678c09a714e7d23f374ce7c4c5e0d9c82d603da45525e67b775dd5b5440b,power_hp,386.3,386,ROUNDED_FOR_INTEGER_STORAGE
27347,vmm-02fda6b2adc92c225f55ce25ddd906859d15a57ced3a914262757ac2613735df,power_hp,107.5,108,ROUNDED_FOR_INTEGER_STORAGE
27348,vmm-b2b0623a3f555c696e455f6811bf28d602a509da0d79af6193bfff8fc165279f,power_hp,107.5,108,ROUNDED_FOR_INTEGER_STORAGE
27841,vmm-813c2a806ea33ae36a5ba1cf86912908c7a612cef5db2b448126748748ad1ca4,power_hp,285.9,286,ROUNDED_FOR_INTEGER_STORAGE
27850,vmm-667167011049d2332748b0fd7ec389d76dea2ef50e90159abd75dfee6f1634bc,power_hp,272.7,273,ROUNDED_FOR_INTEGER_STORAGE
28543,vmm-227b1261568c2c9d5afddf047fe1bcc3d24443a2e0f6507bb4784e7cb975bcc6,power_hp,160.2,160,ROUNDED_FOR_INTEGER_STORAGE
28956,vmm-413105dc5bb6e25a2cf15fa189066f04f448dcfe9ad139fedb6cda03a5e196b5,power_hp,156.4,156,ROUNDED_FOR_INTEGER_STORAGE
29279,vmm-6d5be6b649dff7137cb6e180d7cdefb6ccfd5e625ee33e39c9046312692a5cb2,power_hp,152.1,152,ROUNDED_FOR_INTEGER_STORAGE
30041,vmm-cef7b6237ee134adef3bbaf9cbd6299d1ab5fae0394c3a0ce12ed09b80f6874d,power_hp,102.4,102,ROUNDED_FOR_INTEGER_STORAGE
30391,vmm-3fcab4846b41c8f264daf4a9b982a5649f79dc5247d95b64c307151153d2aa7d,power_hp,1193.3,1193,ROUNDED_FOR_INTEGER_STORAGE
