make,model,generation,reason
Audi,E5,E5 Sportback (2025),NO_ENGINE_VARIANT
Audi,Q4 e-tron,Q4 e-tron (2026),NO_ENGINE_VARIANT
Bentley,State Limousine,,NO_GENERATIONS
Bestune,B70,,NO_GENERATIONS
Bestune,T55,,NO_GENERATIONS
Bestune,T77,,NO_GENERATIONS
Bestune,T99,,NO_GENERATIONS
Brilliance,H230,,NO_GENERATIONS
Brilliance,H330,,NO_GENERATIONS
Brilliance,H530,,NO_GENERATIONS
Brilliance,V3,,NO_GENERATIONS
Brilliance,V5,,NO_GENERATIONS
Brilliance,V7,,NO_GENERATIONS
Bugatti,Brouillard,Brouillard (2025),NO_ENGINE_VARIANT
Bugatti,Type 5,,NO_GENERATIONS
Bugatti,Type 64,,NO_GENERATIONS
Buick,Model 26,,NO_GENERATIONS
Buick,Model 27,,NO_GENERATIONS
Buick,Model 32,,NO_GENERATIONS
Buick,Model 33,,NO_GENERATIONS
Buick,Model 38,,NO_GENERATIONS
Buick,Model 39,,NO_GENERATIONS
Buick,Model 41,,NO_GENERATIONS
Buick,Model C,,NO_GENERATIONS
Cadillac,XT6,XT6 (2019),NO_ENGINE_VARIANT
Changan,Alsvin,,NO_GENERATIONS
Changan,CS15,,NO_GENERATIONS
Changan,CS35,,NO_GENERATIONS
Changan,CS55,,NO_GENERATIONS
Changan,CS75,,NO_GENERATIONS
Changan,CS85,,NO_GENERATIONS
Changan,CS95,,NO_GENERATIONS
Changan,Eado,,NO_GENERATIONS
Changan,Hunter,,NO_GENERATIONS
Changan,UNI-K,,NO_GENERATIONS
Changan,UNI-T,,NO_GENERATIONS
Changan,UNI-V,,NO_GENERATIONS
Chevrolet,Corvette E-Ray,Corvette E-Ray (2023),NO_ENGINE_VARIANT
Chevrolet,Corvette Grand Sport X,,NO_GENERATIONS
Cupra,Born,Born (2026),NO_ENGINE_VARIANT
Dacia,Striker,Striker (2026),NO_ENGINE_VARIANT
Datsun,GO+,GO+ (2018),NO_ENGINE_VARIANT
Dongfeng,AX7,,NO_GENERATIONS
Dongfeng,Fengon 500,,NO_GENERATIONS
Dongfeng,Fengon 580,,NO_GENERATIONS
Dongfeng,Rich 6,,NO_GENERATIONS
Dongfeng,T5 Evo,,NO_GENERATIONS
El Nasr,128,,NO_GENERATIONS
El Nasr,1300,,NO_GENERATIONS
El Nasr,133,,NO_GENERATIONS
El Nasr,1500,,NO_GENERATIONS
El Nasr,Dogan,,NO_GENERATIONS
El Nasr,Florida,,NO_GENERATIONS
El Nasr,Nasr Jeep,,NO_GENERATIONS
El Nasr,Polonez,,NO_GENERATIONS
El Nasr,Shahin,,NO_GENERATIONS
Fiat,3 1/2 HP,,NO_GENERATIONS
Fiat,Argo,,NO_GENERATIONS
Ford,Ranger Tremor,Ranger Tremor (2023),NO_ENGINE_VARIANT
Ford,Tourneo,Tourneo (2018),NO_ENGINE_VARIANT
Foton,Sauvana,,NO_GENERATIONS
Foton,Tunland,,NO_GENERATIONS
Foton,View,,NO_GENERATIONS
GAC,Aion S,,NO_GENERATIONS
GAC,Aion V,,NO_GENERATIONS
GAC,Aion Y,,NO_GENERATIONS
GAC,Emkoo,,NO_GENERATIONS
GAC,Emzoom,,NO_GENERATIONS
GAC,GA4,,NO_GENERATIONS
GAC,GA6,,NO_GENERATIONS
GAC,GN6,,NO_GENERATIONS
GAC,GS3,,NO_GENERATIONS
GAC,GS4,,NO_GENERATIONS
GAC,GS8,,NO_GENERATIONS
GAZ,Gazelle,,NO_GENERATIONS
GAZ,Sobol,,NO_GENERATIONS
GAZ,Volga,,NO_GENERATIONS
Geely,Galaxy,Galaxy (2023),NO_ENGINE_VARIANT
Geely,Galaxy M9,Galaxy M9 (2025),NO_ENGINE_VARIANT
Genesis,GV80,GV80 Coupe (2023),NO_ENGINE_VARIANT
Great Wall,Poer,,NO_GENERATIONS
Great Wall,Steed,,NO_GENERATIONS
Great Wall,Voleex C30,,NO_GENERATIONS
Great Wall,Wingle,,NO_GENERATIONS
Haval,Dargo,,NO_GENERATIONS
Haval,F7,,NO_GENERATIONS
Haval,F7x,,NO_GENERATIONS
Haval,H2,,NO_GENERATIONS
Haval,H6,,NO_GENERATIONS
Haval,H9,,NO_GENERATIONS
Haval,Jolion,,NO_GENERATIONS
Honda,Ridgeline,Ridgeline (2021),NO_ENGINE_VARIANT
Hongqi,E-HS9,,NO_GENERATIONS
Hongqi,H5,,NO_GENERATIONS
Hongqi,H9,,NO_GENERATIONS
Hongqi,HS5,,NO_GENERATIONS
Hongqi,HS7,,NO_GENERATIONS
Hyundai,Bayon,Bayon (2024),NO_ENGINE_VARIANT
Hyundai,Elantra N,Elantra N (2020),NO_ENGINE_VARIANT
Hyundai,Grandeur / Azera,Grandeur / Azera (2022),NO_ENGINE_VARIANT
Hyundai,i30,i30 Fastback (2024),NO_ENGINE_VARIANT
Hyundai,Ioniq 6,Ioniq 6 (2025),NO_ENGINE_VARIANT
Hyundai,Staria,Staria (2021),NO_ENGINE_VARIANT
Infiniti,QX65,QX65 (2026),NO_ENGINE_VARIANT
Iran Khodro,Dena,,NO_GENERATIONS
Iran Khodro,Paykan,,NO_GENERATIONS
Iran Khodro,Runna,,NO_GENERATIONS
Iran Khodro,Samand,,NO_GENERATIONS
Iran Khodro,Soren,,NO_GENERATIONS
Iran Khodro,Tara,,NO_GENERATIONS
JAC,J7,,NO_GENERATIONS
JAC,S2,,NO_GENERATIONS
JAC,S3,,NO_GENERATIONS
JAC,S4,,NO_GENERATIONS
JAC,S7,,NO_GENERATIONS
JAC,Sunray,,NO_GENERATIONS
JAC,T6,,NO_GENERATIONS
JAC,T8,,NO_GENERATIONS
Jetour,Dashing,,NO_GENERATIONS
Jetour,T2,,NO_GENERATIONS
Jetour,X70,,NO_GENERATIONS
Jetour,X90,,NO_GENERATIONS
Kia,cee'd,cee'd (2018),NO_ENGINE_VARIANT
Kia,EV5,EV5 (2025),NO_ENGINE_VARIANT
Kia,K4,K4 (2024),NO_ENGINE_VARIANT
Koenigsegg,Sadairs Spear,Sadairs Spear (2025),NO_ENGINE_VARIANT
Lamborghini,350 GTS,,NO_GENERATIONS
Leapmotor,C01,,NO_GENERATIONS
Leapmotor,C10,,NO_GENERATIONS
Leapmotor,C11,,NO_GENERATIONS
Leapmotor,T03,,NO_GENERATIONS
Li Auto,L6,,NO_GENERATIONS
Li Auto,L7,,NO_GENERATIONS
Li Auto,L8,,NO_GENERATIONS
Li Auto,L9,,NO_GENERATIONS
Li Auto,Li One,,NO_GENERATIONS
Li Auto,Mega,,NO_GENERATIONS
Lightyear,Lightyear 2,Lightyear 2 (2023),NO_ENGINE_VARIANT
Lotus,Emeya,Emeya (2023),NO_ENGINE_VARIANT
Lynk & Co,01,,NO_GENERATIONS
Lynk & Co,02,,NO_GENERATIONS
Lynk & Co,03,,NO_GENERATIONS
Lynk & Co,05,,NO_GENERATIONS
Lynk & Co,06,,NO_GENERATIONS
Lynk & Co,09,,NO_GENERATIONS
McLaren,F1 GT,,NO_GENERATIONS
McLaren,F1 LM,,NO_GENERATIONS
Mercedes-AMG,E-Class,E-Class (2016),NO_ENGINE_VARIANT
Mercedes-Benz,MERCEDES BENZ E-Klasse and predecessors,MERCEDES BENZ E-Klasse and predecessors (1965),NO_ENGINE_VARIANT
Mercedes-Benz,MERCEDES BENZ EQS,MERCEDES BENZ EQS (2026),NO_ENGINE_VARIANT
Mercedes-Benz,MERCEDES BENZ S-Class Maybach,MERCEDES BENZ S-Class Maybach (2026),NO_ENGINE_VARIANT
Moskvitch,2140,,NO_GENERATIONS
Moskvitch,2141,,NO_GENERATIONS
Moskvitch,3,,NO_GENERATIONS
Moskvitch,412,,NO_GENERATIONS
Nissan,Juke EV,Juke EV (2026),NO_ENGINE_VARIANT
Nissan,Micra,Micra 5 Doors (2020),NO_ENGINE_VARIANT
Nissan,X-Trail,X-Trail (2026),NO_ENGINE_VARIANT
Ora,Black Cat,,NO_GENERATIONS
Ora,Funky Cat,,NO_GENERATIONS
Ora,Good Cat,,NO_GENERATIONS
Ora,Lightning Cat,,NO_GENERATIONS
Peugeot,408,408 Fastback (2026),NO_ENGINE_VARIANT
Peugeot,508,508 (2020),NO_ENGINE_VARIANT
Porsche,911 Turbo S,911 Turbo S Cabriolet (2025),NO_ENGINE_VARIANT
Renault,Boreal,Boreal (2025),NO_ENGINE_VARIANT
Rivian,R2,R2 (2024),NO_ENGINE_VARIANT
Rivian,R3,R3 (2024),NO_ENGINE_VARIANT
Rivian,R3X,R3X (2024),NO_ENGINE_VARIANT
Rolls-Royce,Arcadia,Arcadia (2024),NO_ENGINE_VARIANT
Rolls-Royce,La Rose Noire,La Rose Noire (2023),NO_ENGINE_VARIANT
Rolls-Royce,Spectre,Spectre (2025),NO_ENGINE_VARIANT
Saipa,Pride,,NO_GENERATIONS
Saipa,Quick,,NO_GENERATIONS
Saipa,Saba,,NO_GENERATIONS
Saipa,Saina,,NO_GENERATIONS
Saipa,Shahin,,NO_GENERATIONS
Saipa,Tiba,,NO_GENERATIONS
Scout,MOTORS Terra,MOTORS Terra (2024),NO_ENGINE_VARIANT
Scout,MOTORS Traveler,MOTORS Traveler (2024),NO_ENGINE_VARIANT
Smart,Roadster Brabus,,NO_GENERATIONS
Smart,Roadster Coupe Brabus,,NO_GENERATIONS
Speranza,A113,,NO_GENERATIONS
Speranza,A213,,NO_GENERATIONS
Speranza,A516,,NO_GENERATIONS
Speranza,A620,,NO_GENERATIONS
Speranza,Envy,,NO_GENERATIONS
Speranza,M11,,NO_GENERATIONS
Speranza,M12,,NO_GENERATIONS
Speranza,Tiggo,,NO_GENERATIONS
Tank,Tank 300,,NO_GENERATIONS
Tank,Tank 400,,NO_GENERATIONS
Tank,Tank 500,,NO_GENERATIONS
Tank,Tank 700,,NO_GENERATIONS
Toyota,Land Cruiser / Prado,Land Cruiser / Prado (2020),NO_ENGINE_VARIANT
Toyota,Yaris Cross,Yaris Cross (2026),NO_ENGINE_VARIANT
Trabant,1.1,,NO_GENERATIONS
Trabant,601,,NO_GENERATIONS
UAZ,452,,NO_GENERATIONS
UAZ,469,,NO_GENERATIONS
UAZ,Hunter,,NO_GENERATIONS
UAZ,Patriot,,NO_GENERATIONS
Volkswagen,Golf GTI / GTD / GTE,Golf GTI / GTD / GTE (2024),NO_ENGINE_VARIANT
Volkswagen,T-Roc,T-Roc Cabriolet (2021),NO_ENGINE_VARIANT
Volkswagen,T-Roc R,T-Roc R (2021),NO_ENGINE_VARIANT
Volvo,S90,S90 (2025),NO_ENGINE_VARIANT
Wartburg,1.3,,NO_GENERATIONS
Wartburg,353,,NO_GENERATIONS
Wiesmann,GT MF4-CS,,NO_GENERATIONS
Wuling,Air EV,,NO_GENERATIONS
Wuling,Bingo,,NO_GENERATIONS
Wuling,Hongguang,,NO_GENERATIONS
Wuling,Hongguang Mini EV,,NO_GENERATIONS
Yugo,45,,NO_GENERATIONS
Yugo,55,,NO_GENERATIONS
Yugo,GV,,NO_GENERATIONS
Yugo,Tempo,,NO_GENERATIONS
Zastava,101,,NO_GENERATIONS
Zastava,128,,NO_GENERATIONS
Zastava,750,,NO_GENERATIONS
Zastava,Florida,,NO_GENERATIONS
Zastava,Koral,,NO_GENERATIONS
Zender,Escape 6,,NO_GENERATIONS
Zender,Fact 4,,NO_GENERATIONS
Zender,Fact 4 BiTurbo,,NO_GENERATIONS
Zender,Progetto 5,,NO_GENERATIONS
Zender,Straight 8,,NO_GENERATIONS
Zender,Thirty 7,,NO_GENERATIONS
